Frame,nose,left eye(inner),left eye,left eye(outer),right eye(inner),right eye,right eye(outer),left ear,right ear,mouth(left),mouth(right),left shoulder,right shoulder,left elbow,right elbow,left wrist,right wrist,left pinky,right pinky,left index,right index,left thumb,right thumb,left hip,right hip,left knee,right knee,left ankle,right ankle,left heel,right heel,left foot index,right foot index
2.0,"[0.1816931813955307, 0.3772602081298828, -0.3163720965385437]","[0.18067432940006256, 0.36636993288993835, -0.31520530581474304]","[0.1807423084974289, 0.36406058073043823, -0.31511056423187256]","[0.1809035688638687, 0.3624265789985657, -0.3150418996810913]","[0.17870871722698212, 0.3692477345466614, -0.34110063314437866]","[0.1776130199432373, 0.3699439465999603, -0.34117090702056885]","[0.17685042321681976, 0.37069642543792725, -0.34124433994293213]","[0.1738344132900238, 0.36131665110588074, -0.2518012225627899]","[0.16890068352222443, 0.3725424110889435, -0.37394848465919495]","[0.17827828228473663, 0.3835708498954773, -0.28483274579048157]","[0.17500187456607819, 0.386978417634964, -0.3204347491264343]","[0.1536877304315567, 0.37468159198760986, -0.1567775309085846]","[0.14668633043766022, 0.43278732895851135, -0.36966463923454285]","[0.14729371666908264, 0.3115786910057068, -0.02008124068379402]","[0.14665980637073517, 0.5028007626533508, -0.4701131284236908]","[0.15847037732601166, 0.25969693064689636, 0.059207282960414886]","[0.17249493300914764, 0.56465744972229, -0.5556674003601074]","[0.1573147475719452, 0.2423906922340393, 0.059077225625514984]","[0.17455506324768066, 0.5842571258544922, -0.5901200771331787]","[0.1571810245513916, 0.24570265412330627, 0.042553674429655075]","[0.17719633877277374, 0.5795744061470032, -0.6004208922386169]","[0.15974703431129456, 0.2553865611553192, 0.0520697720348835]","[0.17794571816921234, 0.5714544057846069, -0.5605309009552002]","[0.1875041425228119, 0.568796694278717, 0.09047479927539825]","[0.17330947518348694, 0.5856491923332214, -0.09089671075344086]","[0.19634389877319336, 0.6616127490997314, 0.2780420780181885]","[0.18531370162963867, 0.6914348006248474, 0.07625916600227356]","[0.19988733530044556, 0.7851498126983643, 0.4762097895145416]","[0.16909654438495636, 0.8214964270591736, 0.26928606629371643]","[0.19410687685012817, 0.8049625158309937, 0.4935604929924011]","[0.16035768389701843, 0.8291398286819458, 0.2872717082500458]","[0.2427615225315094, 0.8121824264526367, 0.45895299315452576]","[0.20168952643871307, 0.8480727672576904, 0.22732535004615784]"
3.0,"[0.1800639033317566, 0.3354334235191345, -0.2418249547481537]","[0.17780351638793945, 0.32229045033454895, -0.2295691967010498]","[0.1783156394958496, 0.320951908826828, -0.22946684062480927]","[0.17884239554405212, 0.31967148184776306, -0.22938713431358337]","[0.17229945957660675, 0.3295463025569916, -0.2529025673866272]","[0.16974112391471863, 0.3313647210597992, -0.25293296575546265]","[0.1685778796672821, 0.3313834071159363, -0.2529897093772888]","[0.17051059007644653, 0.3214383125305176, -0.15017029643058777]","[0.15962623059749603, 0.33871781826019287, -0.25794631242752075]","[0.1778796762228012, 0.3448844850063324, -0.2074127197265625]","[0.1732955276966095, 0.34834808111190796, -0.23859746754169464]","[0.14842255413532257, 0.34995874762535095, -0.047328002750873566]","[0.1459427773952484, 0.39717161655426025, -0.27226942777633667]","[0.13433560729026794, 0.30987659096717834, 0.07462005317211151]","[0.1478082537651062, 0.5027571320533752, -0.31318825483322144]","[0.1422300785779953, 0.2580725848674774, 0.1570984423160553]","[0.17730958759784698, 0.5812417268753052, -0.3122712969779968]","[0.14271770417690277, 0.24137432873249054, 0.16564376652240753]","[0.18161164224147797, 0.6068713665008545, -0.3257278501987457]","[0.1421242505311966, 0.2447783350944519, 0.15609826147556305]","[0.18713051080703735, 0.605315089225769, -0.33415764570236206]","[0.14343494176864624, 0.25399333238601685, 0.15296050906181335]","[0.18962572515010834, 0.5914361476898193, -0.31157317757606506]","[0.17767766118049622, 0.5294733643531799, 0.0867868959903717]","[0.17496313154697418, 0.5454538464546204, -0.08725900948047638]","[0.18738281726837158, 0.6582280993461609, 0.12514781951904297]","[0.18691027164459229, 0.6815525889396667, -0.06019914150238037]","[0.18678973615169525, 0.784281313419342, 0.17839935421943665]","[0.17235003411769867, 0.8127818703651428, -0.0114644356071949]","[0.16799184679985046, 0.8074824810028076, 0.17971457540988922]","[0.16216397285461426, 0.8292203545570374, -0.007555691991001368]","[0.2179756909608841, 0.8196632266044617, 0.14958183467388153]","[0.2124577760696411, 0.8421885967254639, -0.05343253165483475]"
4.0,"[0.16535839438438416, 0.3208436965942383, -0.19924822449684143]","[0.16369390487670898, 0.3068108558654785, -0.18478426337242126]","[0.16532202064990997, 0.3057313859462738, -0.18470610678195953]","[0.16693557798862457, 0.3046931028366089, -0.18463951349258423]","[0.1572560966014862, 0.30946817994117737, -0.20632889866828918]","[0.1539526879787445, 0.3100443482398987, -0.2063312530517578]","[0.1508564054965973, 0.3104294240474701, -0.2063954770565033]","[0.16075517237186432, 0.3063788414001465, -0.09137783944606781]","[0.1452672928571701, 0.3272775113582611, -0.19159568846225739]","[0.16657498478889465, 0.33013641834259033, -0.15976031124591827]","[0.1584288626909256, 0.3329973816871643, -0.1887470781803131]","[0.14871768653392792, 0.3424680829048157, 0.022868145257234573]","[0.133891761302948, 0.3716053068637848, -0.2064361572265625]","[0.13844570517539978, 0.3103684186935425, 0.11468980461359024]","[0.13701507449150085, 0.47313228249549866, -0.23988847434520721]","[0.1453973352909088, 0.2570575773715973, 0.16482758522033691]","[0.1712130308151245, 0.5816923379898071, -0.24035224318504333]","[0.14565406739711761, 0.24123337864875793, 0.17153774201869965]","[0.17326149344444275, 0.6111641526222229, -0.2500017285346985]","[0.14521333575248718, 0.2435147613286972, 0.16613733768463135]","[0.18425710499286652, 0.6108505129814148, -0.26028919219970703]","[0.14637069404125214, 0.252026230096817, 0.16137249767780304]","[0.1854674220085144, 0.5976324677467346, -0.24011757969856262]","[0.17741118371486664, 0.5238636136054993, 0.08121383190155029]","[0.16974017024040222, 0.5321274399757385, -0.08167494088411331]","[0.18856874108314514, 0.6521040201187134, 0.11628259718418121]","[0.1860235035419464, 0.6723620295524597, -0.07989459484815598]","[0.1865774691104889, 0.7842251062393188, 0.16366004943847656]","[0.16999177634716034, 0.8133048415184021, -0.03113543428480625]","[0.1749517023563385, 0.8074641823768616, 0.16436630487442017]","[0.15235525369644165, 0.8365553021430969, -0.02815605327486992]","[0.2209489345550537, 0.8211604952812195, 0.1249229684472084]","[0.21069875359535217, 0.8426274657249451, -0.09216342121362686]"
5.0,"[0.16566996276378632, 0.35784265398979187, -0.3591958284378052]","[0.1645616590976715, 0.34462034702301025, -0.3499720096588135]","[0.1656300127506256, 0.3427993953227997, -0.3498689532279968]","[0.16687524318695068, 0.3407261073589325, -0.34986960887908936]","[0.15993650257587433, 0.3503877818584442, -0.3739989399909973]","[0.15756520628929138, 0.35256534814834595, -0.3740465044975281]","[0.15531060099601746, 0.3549489974975586, -0.3741014003753662]","[0.1613178700208664, 0.33873647451400757, -0.25389498472213745]","[0.14836058020591736, 0.3627239167690277, -0.36407074332237244]","[0.16582892835140228, 0.3612886369228363, -0.3170925974845886]","[0.15964826941490173, 0.36798524856567383, -0.34913331270217896]","[0.15502071380615234, 0.3784915804862976, -0.11793480068445206]","[0.1359540969133377, 0.42907848954200745, -0.34690338373184204]","[0.15728414058685303, 0.3790496289730072, 0.06703056395053864]","[0.14366962015628815, 0.5227002501487732, -0.24185439944267273]","[0.17986837029457092, 0.3561254143714905, 0.17669101059436798]","[0.17338863015174866, 0.5931642651557922, -0.3933855891227722]","[0.18416975438594818, 0.3468686640262604, 0.19062726199626923]","[0.17592015862464905, 0.6209579706192017, -0.41721826791763306]","[0.184454083442688, 0.34803542494773865, 0.16955266892910004]","[0.18579544126987457, 0.6194037795066833, -0.42883068323135376]","[0.1839206963777542, 0.3551737368106842, 0.1696282923221588]","[0.18575772643089294, 0.6096527576446533, -0.3964018225669861]","[0.18590638041496277, 0.5614449381828308, 0.07672102749347687]","[0.16824334859848022, 0.5778610706329346, -0.07715144753456116]","[0.18890365958213806, 0.6686557531356812, 0.23408885300159454]","[0.1762547343969345, 0.6943376660346985, 0.08735813200473785]","[0.19408664107322693, 0.7837756276130676, 0.41484445333480835]","[0.15584132075309753, 0.8186877369880676, 0.27232781052589417]","[0.18684248626232147, 0.8055951595306396, 0.43187475204467773]","[0.14245785772800446, 0.8408734798431396, 0.2908098101615906]","[0.22892630100250244, 0.8209384083747864, 0.4030373692512512]","[0.190306156873703, 0.8499282598495483, 0.23427045345306396]"
6.0,"[0.16050004959106445, 0.3146267235279083, -0.30241963267326355]","[0.1581004559993744, 0.3010435998439789, -0.28652340173721313]","[0.15977995097637177, 0.3003864586353302, -0.2864590287208557]","[0.1615038514137268, 0.2996927797794342, -0.2864449620246887]","[0.15185634791851044, 0.30265262722969055, -0.3073887526988983]","[0.14843589067459106, 0.30319565534591675, -0.30740731954574585]","[0.14499634504318237, 0.30380433797836304, -0.3074952960014343]","[0.15485307574272156, 0.3040555715560913, -0.18301045894622803]","[0.13365939259529114, 0.31059032678604126, -0.284292608499527]","[0.16203342378139496, 0.3257136642932892, -0.25589174032211304]","[0.153426855802536, 0.3281114995479584, -0.2839292883872986]","[0.1549956202507019, 0.35159996151924133, -0.048251889646053314]","[0.12284813821315765, 0.37849685549736023, -0.28437837958335876]","[0.16205768287181854, 0.3590199053287506, 0.07657566666603088]","[0.13678307831287384, 0.483609139919281, -0.2957220673561096]","[0.17398014664649963, 0.3254586160182953, 0.14043878018856049]","[0.17338305711746216, 0.5884158611297607, -0.3004246652126312]","[0.17701837420463562, 0.31870487332344055, 0.14724235236644745]","[0.1762465536594391, 0.6145440340042114, -0.3166700601577759]","[0.17678965628147125, 0.3168502748012543, 0.1298089325428009]","[0.18556621670722961, 0.6127595901489258, -0.32836607098579407]","[0.1763676553964615, 0.32238122820854187, 0.13342319428920746]","[0.1852555125951767, 0.6022493839263916, -0.3012494146823883]","[0.18070152401924133, 0.5351420640945435, 0.07160715013742447]","[0.1590697467327118, 0.5456784963607788, -0.07197999954223633]","[0.18943150341510773, 0.6529330611228943, 0.1673782914876938]","[0.17719779908657074, 0.6832756400108337, -0.007816744968295097]","[0.19339099526405334, 0.7832585573196411, 0.2594394087791443]","[0.15834996104240417, 0.8154506683349609, 0.08792238682508469]","[0.18612140417099, 0.8055102229118347, 0.26491886377334595]","[0.14402185380458832, 0.84062659740448, 0.09453281760215759]","[0.22893281280994415, 0.8203451037406921, 0.2260928452014923]","[0.19171902537345886, 0.8497403860092163, 0.022837145254015923]"
7.0,"[0.15405665338039398, 0.26780253648757935, -0.2580442428588867]","[0.14902004599571228, 0.2556966245174408, -0.2419455498456955]","[0.150493323802948, 0.25530487298965454, -0.24189770221710205]","[0.15201568603515625, 0.2548965811729431, -0.24188700318336487]","[0.1428578794002533, 0.2572784721851349, -0.2679806351661682]","[0.1392812877893448, 0.258177250623703, -0.26799100637435913]","[0.1356782615184784, 0.25910842418670654, -0.2681025266647339]","[0.14374569058418274, 0.2639407515525818, -0.1394147276878357]","[0.12322451174259186, 0.270307332277298, -0.2596168518066406]","[0.15654784440994263, 0.28200283646583557, -0.21493294835090637]","[0.1478051245212555, 0.28457969427108765, -0.24939727783203125]","[0.1525837481021881, 0.3291671872138977, 0.009647058323025703]","[0.11719484627246857, 0.3517281115055084, -0.2830469012260437]","[0.16906994581222534, 0.37209632992744446, 0.17374856770038605]","[0.1317761391401291, 0.4696851372718811, -0.3170052468776703]","[0.17789660394191742, 0.34915691614151, 0.2634747624397278]","[0.17269615828990936, 0.586362898349762, -0.3249698877334595]","[0.18106958270072937, 0.3484087288379669, 0.28162431716918945]","[0.176331028342247, 0.6134794354438782, -0.3457334041595459]","[0.18119309842586517, 0.34261858463287354, 0.2699325382709503]","[0.18549242615699768, 0.6118645071983337, -0.35852402448654175]","[0.1800738275051117, 0.3454882502555847, 0.2602342665195465]","[0.1848907321691513, 0.6014834642410278, -0.3267735242843628]","[0.17869922518730164, 0.5240515470504761, 0.07407176494598389]","[0.15223078429698944, 0.5353269577026367, -0.0745278149843216]","[0.18832969665527344, 0.6533067226409912, 0.15760165452957153]","[0.17361798882484436, 0.6807950735092163, -0.002836525673046708]","[0.1959921419620514, 0.7832655310630798, 0.25536900758743286]","[0.15598908066749573, 0.8172771334648132, 0.12141264975070953]","[0.18984141945838928, 0.8050663471221924, 0.26068562269210815]","[0.1394411027431488, 0.843892514705658, 0.13032563030719757]","[0.23345407843589783, 0.8190807700157166, 0.2121080458164215]","[0.19024218618869781, 0.8498633503913879, 0.05298064276576042]"
8.0,"[0.151016503572464, 0.2565706670284271, -0.23817399144172668]","[0.14545249938964844, 0.24352489411830902, -0.2225622683763504]","[0.1467963457107544, 0.24315664172172546, -0.22252097725868225]","[0.14818383753299713, 0.2427881807088852, -0.22251442074775696]","[0.139491006731987, 0.2449229210615158, -0.24906854331493378]","[0.135868638753891, 0.24573002755641937, -0.24908621609210968]","[0.1322251707315445, 0.24655911326408386, -0.2491827756166458]","[0.13879616558551788, 0.25224295258522034, -0.12573693692684174]","[0.11907178163528442, 0.2580122649669647, -0.24742698669433594]","[0.15316978096961975, 0.2714272737503052, -0.19817706942558289]","[0.1443120390176773, 0.2738445997238159, -0.2332051694393158]","[0.14331945776939392, 0.32306918501853943, 0.021577661857008934]","[0.1163497343659401, 0.3455638587474823, -0.28166428208351135]","[0.1656915247440338, 0.3737689256668091, 0.18959803879261017]","[0.13199158012866974, 0.47009971737861633, -0.31650489568710327]","[0.17777901887893677, 0.3491603136062622, 0.2981952428817749]","[0.1711736023426056, 0.5848973989486694, -0.3114907741546631]","[0.1814209520816803, 0.34742745757102966, 0.3208375573158264]","[0.1765206754207611, 0.6112187504768372, -0.33191829919815063]","[0.18293461203575134, 0.34110701084136963, 0.31032639741897583]","[0.1852269172668457, 0.6092779040336609, -0.34263837337493896]","[0.18153616786003113, 0.3447047472000122, 0.29566460847854614]","[0.18478921055793762, 0.5990404486656189, -0.3125289976596832]","[0.17340336740016937, 0.5280777215957642, 0.07506123930215836]","[0.15120607614517212, 0.540008544921875, -0.0756305381655693]","[0.18382945656776428, 0.6545464396476746, 0.18397849798202515]","[0.17010465264320374, 0.6806512475013733, 0.026160186156630516]","[0.1959596872329712, 0.7836597561836243, 0.3053181767463684]","[0.15587949752807617, 0.8193274140357971, 0.18380485475063324]","[0.18999142944812775, 0.8054448366165161, 0.3136668801307678]","[0.14106948673725128, 0.845373272895813, 0.19624914228916168]","[0.23388168215751648, 0.8177807331085205, 0.2750532925128937]","[0.1907390058040619, 0.849100649356842, 0.12913675606250763]"
9.0,"[0.14652477204799652, 0.29101797938346863, -0.23759141564369202]","[0.14248332381248474, 0.27838900685310364, -0.21872901916503906]","[0.1442965865135193, 0.2775905430316925, -0.21867211163043976]","[0.14617012441158295, 0.27688488364219666, -0.21864819526672363]","[0.13568519055843353, 0.2804381251335144, -0.2423887997865677]","[0.13203737139701843, 0.2813199460506439, -0.2423984259366989]","[0.1283739060163498, 0.28217458724975586, -0.24249541759490967]","[0.1393587291240692, 0.28297221660614014, -0.10726401954889297]","[0.12446866184473038, 0.2814483940601349, -0.21687594056129456]","[0.15025970339775085, 0.3032313287258148, -0.19362518191337585]","[0.14049412310123444, 0.30609509348869324, -0.22529903054237366]","[0.14462265372276306, 0.34198883175849915, 0.039721302688121796]","[0.11912550777196884, 0.34761911630630493, -0.25191202759742737]","[0.16959932446479797, 0.36762091517448425, 0.217083141207695]","[0.12627126276493073, 0.47666314244270325, -0.3027864098548889]","[0.1786230206489563, 0.3379954397678375, 0.340703547000885]","[0.16350305080413818, 0.5840729475021362, -0.3126138746738434]","[0.18100319802761078, 0.3344030976295471, 0.36353421211242676]","[0.16609588265419006, 0.6099669933319092, -0.3340242803096771]","[0.18147137761116028, 0.32990530133247375, 0.35381296277046204]","[0.176592618227005, 0.6078039407730103, -0.34580498933792114]","[0.18069469928741455, 0.3343309462070465, 0.3380221724510193]","[0.17543819546699524, 0.5976429581642151, -0.31467968225479126]","[0.17455503344535828, 0.5670188665390015, 0.07712581008672714]","[0.1538209170103073, 0.5783798098564148, -0.07744304835796356]","[0.18515458703041077, 0.6741456389427185, 0.22958293557167053]","[0.16065606474876404, 0.6965629458427429, 0.058967553079128265]","[0.19857710599899292, 0.7837691903114319, 0.3921237587928772]","[0.15004372596740723, 0.8269409537315369, 0.25106504559516907]","[0.19295558333396912, 0.8054289221763611, 0.40488117933273315]","[0.1354624480009079, 0.8506883978843689, 0.26800471544265747]","[0.23626598715782166, 0.8176882863044739, 0.3616432547569275]","[0.18935546278953552, 0.853798508644104, 0.1923808753490448]"
10.0,"[0.14004050195217133, 0.2346295267343521, -0.14680519700050354]","[0.1362960934638977, 0.22197946906089783, -0.1324845403432846]","[0.13812139630317688, 0.22173690795898438, -0.13253208994865417]","[0.13997121155261993, 0.22149166464805603, -0.13254179060459137]","[0.12933847308158875, 0.22282296419143677, -0.15741875767707825]","[0.12566272914409637, 0.22332529723644257, -0.15742748975753784]","[0.12197436392307281, 0.22384975850582123, -0.15751910209655762]","[0.13366498053073883, 0.23014815151691437, -0.04352199658751488]","[0.11215884983539581, 0.23328343033790588, -0.1570391207933426]","[0.1436699777841568, 0.24989119172096252, -0.1101335659623146]","[0.13393434882164001, 0.2515399158000946, -0.14280535280704498]","[0.14430275559425354, 0.3099808394908905, 0.08802798390388489]","[0.10427983105182648, 0.3172025978565216, -0.2169339954853058]","[0.1664477288722992, 0.3916732370853424, 0.18184860050678253]","[0.1207648366689682, 0.45352450013160706, -0.24970248341560364]","[0.18882374465465546, 0.4405684769153595, 0.19109439849853516]","[0.15591491758823395, 0.5780795812606812, -0.25750982761383057]","[0.1983451396226883, 0.4607347548007965, 0.18386210501194]","[0.1577988713979721, 0.597055971622467, -0.28747183084487915]","[0.19954487681388855, 0.4549936354160309, 0.15300999581813812]","[0.17038831114768982, 0.604303240776062, -0.2967398762702942]","[0.19466054439544678, 0.4500017464160919, 0.17333249747753143]","[0.1708836555480957, 0.579586386680603, -0.25984716415405273]","[0.17284336686134338, 0.5239096879959106, 0.08878490328788757]","[0.13992461562156677, 0.5325368046760559, -0.08891798555850983]","[0.18591222167015076, 0.6634400486946106, 0.15200254321098328]","[0.15885300934314728, 0.695202112197876, -0.026416141539812088]","[0.1996191293001175, 0.783676266670227, 0.2800898253917694]","[0.14986321330070496, 0.8306323885917664, 0.10816391557455063]","[0.1936221867799759, 0.8048814535140991, 0.2882689833641052]","[0.13372761011123657, 0.854821503162384, 0.11695138365030289]","[0.23972180485725403, 0.8164246082305908, 0.23620378971099854]","[0.18922129273414612, 0.8574952483177185, 0.02507275901734829]"
11.0,"[0.14581063389778137, 0.37568870186805725, -0.2571293115615845]","[0.14055463671684265, 0.3551780879497528, -0.23731741309165955]","[0.14019650220870972, 0.3531748354434967, -0.23732340335845947]","[0.14085574448108673, 0.3505612909793854, -0.23734378814697266]","[0.1358172446489334, 0.35717520117759705, -0.25872358679771423]","[0.13277247548103333, 0.3574531376361847, -0.2586977779865265]","[0.12945488095283508, 0.35645243525505066, -0.25871044397354126]","[0.14491166174411774, 0.3507057726383209, -0.05476382374763489]","[0.11898120492696762, 0.3540831506252289, -0.21508678793907166]","[0.1482003629207611, 0.37887874245643616, -0.20461086928844452]","[0.13946127891540527, 0.3818935751914978, -0.2325688600540161]","[0.14572657644748688, 0.39283487200737, 0.022807573899626732]","[0.11043810844421387, 0.4156338572502136, -0.24546873569488525]","[0.16633807122707367, 0.4164796769618988, 0.1687583178281784]","[0.1207897886633873, 0.49682697653770447, -0.2857348620891571]","[0.18459752202033997, 0.4274924695491791, 0.21591225266456604]","[0.15227478742599487, 0.5806432962417603, -0.3128983974456787]","[0.19215817749500275, 0.434232234954834, 0.2215506136417389]","[0.15254303812980652, 0.6003648638725281, -0.34008386731147766]","[0.19292433559894562, 0.43148529529571533, 0.19335153698921204]","[0.16377417743206024, 0.6044737100601196, -0.35016924142837524]","[0.18958961963653564, 0.43216392397880554, 0.2039700746536255]","[0.163192018866539, 0.5878886580467224, -0.3153024911880493]","[0.1715705692768097, 0.584602952003479, 0.08701303601264954]","[0.14176452159881592, 0.5925109386444092, -0.08711741864681244]","[0.190311998128891, 0.6829032301902771, 0.20239682495594025]","[0.1533462107181549, 0.7081723809242249, 0.040420543402433395]","[0.2029384821653366, 0.7857472896575928, 0.34823834896087646]","[0.15035614371299744, 0.8353011012077332, 0.20266322791576385]","[0.19806499779224396, 0.8051470518112183, 0.36021482944488525]","[0.13493292033672333, 0.8571807742118835, 0.2165326178073883]","[0.24158544838428497, 0.8174473643302917, 0.32063767313957214]","[0.1902565211057663, 0.8614135384559631, 0.1399788111448288]"
12.0,"[0.14748205244541168, 0.38589194416999817, -0.23479540646076202]","[0.14449739456176758, 0.3731978237628937, -0.21643908321857452]","[0.14464810490608215, 0.37171199917793274, -0.21643969416618347]","[0.14485636353492737, 0.3695676624774933, -0.21642951667308807]","[0.13902878761291504, 0.37542879581451416, -0.2374742329120636]","[0.1360197365283966, 0.3754848837852478, -0.23746351897716522]","[0.1329909712076187, 0.3749827742576599, -0.23749153316020966]","[0.14853820204734802, 0.3643408417701721, -0.09481115639209747]","[0.12369750440120697, 0.3714296221733093, -0.20100851356983185]","[0.1495351940393448, 0.3920619785785675, -0.18699444830417633]","[0.1407625824213028, 0.39423710107803345, -0.21520337462425232]","[0.14812205731868744, 0.4081953167915344, 0.037191636860370636]","[0.11399264633655548, 0.4273394048213959, -0.21358934044837952]","[0.16609175503253937, 0.42950525879859924, 0.1773938238620758]","[0.11752144992351532, 0.5004956722259521, -0.238729789853096]","[0.18314096331596375, 0.44193869829177856, 0.222738116979599]","[0.13436290621757507, 0.5762640237808228, -0.2497110664844513]","[0.1887730062007904, 0.4500286281108856, 0.22992506623268127]","[0.1346004158258438, 0.5983445644378662, -0.2707827091217041]","[0.19065070152282715, 0.4476054012775421, 0.20761802792549133]","[0.14170733094215393, 0.5986639261245728, -0.2832269072532654]","[0.189263254404068, 0.4473752975463867, 0.2133154571056366]","[0.14187943935394287, 0.5865431427955627, -0.2528464198112488]","[0.17166806757450104, 0.5888919234275818, 0.0841900035738945]","[0.1465044915676117, 0.5972696542739868, -0.08428855240345001]","[0.19779781997203827, 0.6825345158576965, 0.20889918506145477]","[0.14632727205753326, 0.7098346948623657, 0.021624285727739334]","[0.20404848456382751, 0.7877824902534485, 0.35471174120903015]","[0.14941583573818207, 0.8345201015472412, 0.14576394855976105]","[0.19840355217456818, 0.806122899055481, 0.3665076494216919]","[0.13422664999961853, 0.8564199209213257, 0.15597426891326904]","[0.24345345795154572, 0.8178287744522095, 0.33200520277023315]","[0.18748097121715546, 0.8634354472160339, 0.08235971629619598]"
13.0,"[0.14697900414466858, 0.396312415599823, -0.23376543819904327]","[0.14620447158813477, 0.38120195269584656, -0.21615128219127655]","[0.14723938703536987, 0.3796614110469818, -0.216159388422966]","[0.14811570942401886, 0.37796682119369507, -0.21616153419017792]","[0.1401015818119049, 0.38221070170402527, -0.2350662499666214]","[0.1370995044708252, 0.38194137811660767, -0.23507070541381836]","[0.13442407548427582, 0.38137468695640564, -0.2351001501083374]","[0.148093581199646, 0.37318530678749084, -0.103635773062706]","[0.12591269612312317, 0.37999626994132996, -0.19075660407543182]","[0.14919479191303253, 0.40343913435935974, -0.18818393349647522]","[0.14072665572166443, 0.4052296280860901, -0.21335797011852264]","[0.15012061595916748, 0.4242193400859833, 0.034970227628946304]","[0.11540703475475311, 0.4409686326980591, -0.19230060279369354]","[0.164468914270401, 0.44693124294281006, 0.18538394570350647]","[0.11969032138586044, 0.5182799100875854, -0.18995407223701477]","[0.1820012778043747, 0.4625493586063385, 0.23113398253917694]","[0.13229793310165405, 0.5759039521217346, -0.1890546679496765]","[0.1883997917175293, 0.4732225835323334, 0.23955853283405304]","[0.13050726056098938, 0.5974892377853394, -0.20512652397155762]","[0.18641449511051178, 0.4690856337547302, 0.21864254772663116]","[0.13715462386608124, 0.5963646769523621, -0.22042343020439148]","[0.18409161269664764, 0.46720999479293823, 0.22253212332725525]","[0.1381470113992691, 0.5864904522895813, -0.19316601753234863]","[0.17159214615821838, 0.5950227379798889, 0.07478144019842148]","[0.14674130082130432, 0.6075737476348877, -0.07481948286294937]","[0.20567293465137482, 0.6859884858131409, 0.15475083887577057]","[0.14217232167720795, 0.7171235680580139, 0.033548638224601746]","[0.20441827178001404, 0.7887453436851501, 0.26417842507362366]","[0.14838072657585144, 0.8335239887237549, 0.17086276412010193]","[0.19852785766124725, 0.8064072132110596, 0.27167558670043945]","[0.13386037945747375, 0.8551121354103088, 0.18195697665214539]","[0.2439180314540863, 0.8177812695503235, 0.22485098242759705]","[0.1835312694311142, 0.8624029159545898, 0.11058574914932251]"
14.0,"[0.14484933018684387, 0.38420313596725464, -0.2873620092868805]","[0.1446177363395691, 0.3657546043395996, -0.26842308044433594]","[0.14681708812713623, 0.3654686510562897, -0.26841646432876587]","[0.1506844311952591, 0.35363417863845825, -0.2683942914009094]","[0.13620491325855255, 0.36691853404045105, -0.2868010401725769]","[0.13287760317325592, 0.36767110228538513, -0.28685688972473145]","[0.1303810030221939, 0.36720743775367737, -0.2869129776954651]","[0.14909639954566956, 0.3540959656238556, -0.1531626284122467]","[0.12233465909957886, 0.36986488103866577, -0.23257681727409363]","[0.147994726896286, 0.393869012594223, -0.24168121814727783]","[0.13741031289100647, 0.39701786637306213, -0.2660869061946869]","[0.15392756462097168, 0.4071979224681854, -0.012450607493519783]","[0.11088641732931137, 0.43992727994918823, -0.20248207449913025]","[0.16357851028442383, 0.4787502884864807, 0.0950649306178093]","[0.1132449358701706, 0.5273921489715576, -0.24288007616996765]","[0.18109765648841858, 0.5405995845794678, 0.08153899013996124]","[0.13643766939640045, 0.5805150866508484, -0.24794873595237732]","[0.1880694478750229, 0.5635366439819336, 0.08059927076101303]","[0.13785068690776825, 0.600738525390625, -0.27012738585472107]","[0.1827116459608078, 0.5621166229248047, 0.05871312692761421]","[0.14732696115970612, 0.5988491773605347, -0.27844497561454773]","[0.18345233798027039, 0.5558483004570007, 0.07187004387378693]","[0.14459751546382904, 0.5887802243232727, -0.2489633858203888]","[0.16975319385528564, 0.58675217628479, 0.07133422791957855]","[0.1428619921207428, 0.5992867946624756, -0.0714622512459755]","[0.2093006670475006, 0.6871156096458435, 0.15881270170211792]","[0.1410091370344162, 0.718853235244751, 0.018041612580418587]","[0.20473697781562805, 0.7886095643043518, 0.3009900450706482]","[0.14883558452129364, 0.8329499363899231, 0.16231277585029602]","[0.19804610311985016, 0.8057928085327148, 0.30893903970718384]","[0.13481083512306213, 0.8543203473091125, 0.17416486144065857]","[0.24422426521778107, 0.8181018233299255, 0.26849403977394104]","[0.18517254292964935, 0.8618466258049011, 0.09566296637058258]"
15.0,"[0.14287200570106506, 0.38260409235954285, -0.3002299666404724]","[0.14348000288009644, 0.37059491872787476, -0.2809043824672699]","[0.14600998163223267, 0.37022972106933594, -0.28089994192123413]","[0.15138325095176697, 0.35223376750946045, -0.2808924913406372]","[0.13487623631954193, 0.3713498115539551, -0.2990701198577881]","[0.13179653882980347, 0.3715279996395111, -0.2991334795951843]","[0.12918630242347717, 0.37127456068992615, -0.2992036044597626]","[0.14827784895896912, 0.35486653447151184, -0.16507145762443542]","[0.12159083783626556, 0.37210750579833984, -0.24585381150245667]","[0.146197110414505, 0.39203721284866333, -0.2543322443962097]","[0.13576963543891907, 0.3947586417198181, -0.27841717004776]","[0.1536971628665924, 0.4073416292667389, -0.02209499105811119]","[0.10620763152837753, 0.4415262043476105, -0.22230830788612366]","[0.16271133720874786, 0.4802917242050171, 0.10878348350524902]","[0.11003564298152924, 0.5355479717254639, -0.24254953861236572]","[0.18029659986495972, 0.5343338847160339, 0.1247468814253807]","[0.13406631350517273, 0.5857030749320984, -0.2474088966846466]","[0.18704508244991302, 0.5540095567703247, 0.12948229908943176]","[0.13731487095355988, 0.6048299074172974, -0.267977237701416]","[0.18456551432609558, 0.5524498820304871, 0.10829758644104004]","[0.14524975419044495, 0.5999373197555542, -0.2775394320487976]","[0.1827477514743805, 0.5478788614273071, 0.11627404391765594]","[0.14333634078502655, 0.5911678671836853, -0.24856671690940857]","[0.1658838987350464, 0.5863850712776184, 0.0692526325583458]","[0.1375264972448349, 0.5989266633987427, -0.06939814984798431]","[0.20974142849445343, 0.6863898038864136, 0.13056668639183044]","[0.13836941123008728, 0.7201642990112305, 0.011988384649157524]","[0.20498542487621307, 0.7901890873908997, 0.2684747576713562]","[0.14769670367240906, 0.8322947025299072, 0.15934035181999207]","[0.19772641360759735, 0.8079021573066711, 0.2784017324447632]","[0.13437247276306152, 0.8538569808006287, 0.17147764563560486]","[0.24540886282920837, 0.8189086318016052, 0.23115091025829315]","[0.18520568311214447, 0.8619163632392883, 0.09287220984697342]"
16.0,"[0.1408497393131256, 0.3761321008205414, -0.32044464349746704]","[0.14069832861423492, 0.36650341749191284, -0.3012441396713257]","[0.1469496637582779, 0.3634236752986908, -0.3012348711490631]","[0.15167321264743805, 0.3465340733528137, -0.3012115955352783]","[0.13247542083263397, 0.36652672290802, -0.32138150930404663]","[0.12964387238025665, 0.36671850085258484, -0.321448415517807]","[0.12700001895427704, 0.3665650486946106, -0.32151034474372864]","[0.14706535637378693, 0.34985700249671936, -0.18391737341880798]","[0.11945678293704987, 0.36858466267585754, -0.27586859464645386]","[0.1441396027803421, 0.3884738087654114, -0.2738439440727234]","[0.13397765159606934, 0.3910045921802521, -0.300555557012558]","[0.1534731388092041, 0.40657567977905273, -0.04184630140662193]","[0.10373848676681519, 0.4425492286682129, -0.2619026005268097]","[0.1624937653541565, 0.4846910536289215, 0.06789600849151611]","[0.10804027318954468, 0.5391112565994263, -0.2533174157142639]","[0.17976263165473938, 0.5438612103462219, 0.04629760980606079]","[0.13341818749904633, 0.5886560082435608, -0.2647877335548401]","[0.18654370307922363, 0.5659493207931519, 0.04321664199233055]","[0.13639631867408752, 0.6069057583808899, -0.28763091564178467]","[0.18553376197814941, 0.5637792348861694, 0.019735997542738914]","[0.14387236535549164, 0.6005853414535522, -0.29659202694892883]","[0.18230198323726654, 0.5580463409423828, 0.03553697094321251]","[0.14221447706222534, 0.592538058757782, -0.2659579813480377]","[0.1650199592113495, 0.586469292640686, 0.06849301606416702]","[0.13574135303497314, 0.6004506349563599, -0.06861450523138046]","[0.20865416526794434, 0.6871840953826904, 0.1491113007068634]","[0.1374759078025818, 0.7219161987304688, 0.01913263089954853]","[0.20612725615501404, 0.7918847799301147, 0.2933259904384613]","[0.1481994092464447, 0.8335034847259521, 0.17681154608726501]","[0.1998291164636612, 0.8105237483978271, 0.3037523627281189]","[0.13604244589805603, 0.853836178779602, 0.18870089948177338]","[0.24989578127861023, 0.8185804486274719, 0.2524349093437195]","[0.18582946062088013, 0.864051103591919, 0.09621817618608475]"
17.0,"[0.14051029086112976, 0.3831064999103546, -0.32184404134750366]","[0.13999544084072113, 0.37201017141342163, -0.30392366647720337]","[0.14353196322917938, 0.3714931905269623, -0.30391860008239746]","[0.15116438269615173, 0.34948545694351196, -0.30389586091041565]","[0.13194997608661652, 0.37230557203292847, -0.3242432475090027]","[0.12897829711437225, 0.3724464774131775, -0.3243193030357361]","[0.12624870240688324, 0.3723561465740204, -0.3243815302848816]","[0.14514893293380737, 0.3535533845424652, -0.1898084133863449]","[0.1183507889509201, 0.37350714206695557, -0.2837062478065491]","[0.14341305196285248, 0.39357611536979675, -0.27630817890167236]","[0.13349315524101257, 0.3962811529636383, -0.30343639850616455]","[0.15336164832115173, 0.4099212884902954, -0.05279850214719772]","[0.10061684995889664, 0.44848304986953735, -0.26717355847358704]","[0.16212347149848938, 0.48453280329704285, 0.05402420833706856]","[0.10545661300420761, 0.5461517572402954, -0.2563478648662567]","[0.17948578298091888, 0.5415447950363159, 0.03263258934020996]","[0.1310701072216034, 0.5973137021064758, -0.24514222145080566]","[0.1865512728691101, 0.5624358654022217, 0.029002349823713303]","[0.13359500467777252, 0.6168676614761353, -0.2653668522834778]","[0.18610848486423492, 0.5605708360671997, 0.006678812205791473]","[0.14181777834892273, 0.6101409196853638, -0.2744625210762024]","[0.18206146359443665, 0.555326521396637, 0.02239835634827614]","[0.14059659838676453, 0.6020706295967102, -0.24591855704784393]","[0.16419945657253265, 0.5883995890617371, 0.06589116901159286]","[0.13330191373825073, 0.6035492420196533, -0.06599002331495285]","[0.20726759731769562, 0.6907071471214294, 0.14873316884040833]","[0.13721664249897003, 0.7198032140731812, 0.020413149148225784]","[0.2138480246067047, 0.7966766357421875, 0.2680354714393616]","[0.14679570496082306, 0.8336715698242188, 0.1757936179637909]","[0.2082594335079193, 0.8198532462120056, 0.2751602828502655]","[0.13626687228679657, 0.8537023067474365, 0.1853032112121582]","[0.2566952109336853, 0.8185485601425171, 0.2131742238998413]","[0.18502789735794067, 0.8653219938278198, 0.09079807251691818]"
18.0,"[0.13971123099327087, 0.38449937105178833, -0.3298865854740143]","[0.1391078680753708, 0.3721303939819336, -0.3121452033519745]","[0.14147761464118958, 0.37152233719825745, -0.3121357262134552]","[0.1450536847114563, 0.36690324544906616, -0.3121322989463806]","[0.13184618949890137, 0.3732844889163971, -0.332669198513031]","[0.1290205419063568, 0.3735528886318207, -0.33274662494659424]","[0.12640216946601868, 0.37359723448753357, -0.3328045606613159]","[0.13928332924842834, 0.3668067157268524, -0.19792208075523376]","[0.118508480489254, 0.3754996657371521, -0.2924080789089203]","[0.1424408107995987, 0.3943727910518646, -0.28406980633735657]","[0.1329984962940216, 0.39701610803604126, -0.3113773465156555]","[0.1517108529806137, 0.41489121317863464, -0.05645738169550896]","[0.09951411932706833, 0.45037978887557983, -0.27129000425338745]","[0.16061727702617645, 0.48372185230255127, 0.06634391844272614]","[0.10418470948934555, 0.5480139255523682, -0.255365788936615]","[0.17917941510677338, 0.52778559923172, 0.06253495812416077]","[0.1302487701177597, 0.5972334146499634, -0.23937742412090302]","[0.18622741103172302, 0.5439947843551636, 0.06191053241491318]","[0.13479888439178467, 0.6164509654045105, -0.2580164968967438]","[0.18572711944580078, 0.5409044623374939, 0.04013771563768387]","[0.1424553096294403, 0.609671950340271, -0.2675056457519531]","[0.1819130927324295, 0.5371924042701721, 0.05299326032400131]","[0.14030978083610535, 0.6021332144737244, -0.24010595679283142]","[0.16127769649028778, 0.5884326100349426, 0.06591589003801346]","[0.13055585324764252, 0.6035077571868896, -0.06603066623210907]","[0.2023419886827469, 0.695728063583374, 0.14152714610099792]","[0.13707634806632996, 0.7197915315628052, 0.014135422185063362]","[0.21733149886131287, 0.8004211783409119, 0.2464463710784912]","[0.14662957191467285, 0.8379811644554138, 0.14772167801856995]","[0.2132701426744461, 0.827163815498352, 0.252273291349411]","[0.13642281293869019, 0.8552543520927429, 0.15621401369571686]","[0.2614656090736389, 0.8144049048423767, 0.1908586323261261]","[0.1850024312734604, 0.8666756749153137, 0.06436657905578613]"
19.0,"[0.13877025246620178, 0.39148905873298645, -0.3269411325454712]","[0.13913771510124207, 0.3774915635585785, -0.3088526427745819]","[0.14156994223594666, 0.37708181142807007, -0.3088541626930237]","[0.14453642070293427, 0.3760720491409302, -0.30886417627334595]","[0.13076262176036835, 0.3790176510810852, -0.3281545042991638]","[0.1273929476737976, 0.3796725571155548, -0.32822734117507935]","[0.1244257241487503, 0.3802229166030884, -0.32828617095947266]","[0.13897353410720825, 0.3745165467262268, -0.19037534296512604]","[0.11609645932912827, 0.38180914521217346, -0.2799615263938904]","[0.1418548971414566, 0.39982476830482483, -0.27893027663230896]","[0.13119174540042877, 0.40297582745552063, -0.3044423758983612]","[0.14675810933113098, 0.4191589057445526, -0.042932212352752686]","[0.10000486671924591, 0.44988954067230225, -0.26070263981819153]","[0.15563639998435974, 0.48266884684562683, 0.080644890666008]","[0.10266628116369247, 0.5479861497879028, -0.23739103972911835]","[0.1760489046573639, 0.520675778388977, 0.08984212577342987]","[0.12659627199172974, 0.5978091955184937, -0.23033277690410614]","[0.18401415646076202, 0.5350249409675598, 0.09160895645618439]","[0.13015606999397278, 0.6176525950431824, -0.24919776618480682]","[0.1850530207157135, 0.5318911075592041, 0.06942448765039444]","[0.1379968822002411, 0.6102132201194763, -0.2602398991584778]","[0.1805075854063034, 0.5288798213005066, 0.080314040184021]","[0.13668832182884216, 0.6030787825584412, -0.23186349868774414]","[0.15577079355716705, 0.5900713801383972, 0.06653018295764923]","[0.12904833257198334, 0.6035863757133484, -0.06662807613611221]","[0.19342339038848877, 0.7029005289077759, 0.10722129046916962]","[0.13684400916099548, 0.7211949229240417, -0.0043871644884347916]","[0.21823136508464813, 0.8059379458427429, 0.18558357656002045]","[0.1468605399131775, 0.839952290058136, 0.1126558780670166]","[0.21621060371398926, 0.8346232175827026, 0.1883457750082016]","[0.1368544101715088, 0.8561718463897705, 0.11954716593027115]","[0.26438015699386597, 0.8112329244613647, 0.12262801826000214]","[0.18455272912979126, 0.8663433790206909, 0.028249526396393776]"
20.0,"[0.13786664605140686, 0.39730188250541687, -0.3319976031780243]","[0.13890770077705383, 0.38120323419570923, -0.3137969374656677]","[0.14132998883724213, 0.3803826868534088, -0.31380587816238403]","[0.14392755925655365, 0.37951499223709106, -0.3138216435909271]","[0.12970320880413055, 0.3836766481399536, -0.33299726247787476]","[0.12586474418640137, 0.38449352979660034, -0.33308014273643494]","[0.12252168357372284, 0.3851650655269623, -0.3331514298915863]","[0.13828915357589722, 0.3769185245037079, -0.19377605617046356]","[0.11346380412578583, 0.3854075074195862, -0.28115975856781006]","[0.1412442922592163, 0.40480145812034607, -0.28328806161880493]","[0.12983110547065735, 0.4082769453525543, -0.3085290193557739]","[0.14478616416454315, 0.419790118932724, -0.04123474285006523]","[0.09683229774236679, 0.45285099744796753, -0.2587575316429138]","[0.15417146682739258, 0.4820482134819031, 0.08472783863544464]","[0.0984269306063652, 0.5478729605674744, -0.23898394405841827]","[0.17181389033794403, 0.5249354243278503, 0.08383234590291977]","[0.12069599330425262, 0.6035750508308411, -0.24049696326255798]","[0.17928963899612427, 0.5411935448646545, 0.08595941215753555]","[0.1241433247923851, 0.6243478655815125, -0.25968068838119507]","[0.18035949766635895, 0.5384120941162109, 0.063120536506176]","[0.1335999220609665, 0.6177863478660583, -0.27116283774375916]","[0.17589130997657776, 0.5346923470497131, 0.07422295957803726]","[0.13273175060749054, 0.6087790131568909, -0.24221567809581757]","[0.15401458740234375, 0.5889015793800354, 0.06642761081457138]","[0.12483613193035126, 0.6030234694480896, -0.06651732325553894]","[0.18756331503391266, 0.7044057250022888, 0.06723092496395111]","[0.1361066997051239, 0.7204453349113464, -0.04015519469976425]","[0.2198474407196045, 0.8080109357833862, 0.12296488136053085]","[0.1456514596939087, 0.8393478989601135, 0.051075078547000885]","[0.22016683220863342, 0.8377529978752136, 0.1230626329779625]","[0.1363069862127304, 0.8558720946311951, 0.05512664467096329]","[0.26566198468208313, 0.807475209236145, 0.053595781326293945]","[0.18340227007865906, 0.862377405166626, -0.03832249343395233]"
21.0,"[0.13722065091133118, 0.399260014295578, -0.318206250667572]","[0.13833768665790558, 0.38270777463912964, -0.30034035444259644]","[0.14051473140716553, 0.3817375898361206, -0.30040088295936584]","[0.1426769644021988, 0.38081783056259155, -0.3004525899887085]","[0.1294425129890442, 0.3849981725215912, -0.31699052453041077]","[0.12556280195713043, 0.3856010138988495, -0.31709516048431396]","[0.12214191257953644, 0.3861052095890045, -0.3171575665473938]","[0.13623914122581482, 0.3780616223812103, -0.18070799112319946]","[0.11214709281921387, 0.38589489459991455, -0.26197296380996704]","[0.14062300324440002, 0.4066731631755829, -0.2689911127090454]","[0.12933292984962463, 0.4094041585922241, -0.29126957058906555]","[0.14201512932777405, 0.42674383521080017, -0.030818769708275795]","[0.09586101770401001, 0.4522663950920105, -0.24391308426856995]","[0.15041156113147736, 0.4938996732234955, 0.08590501546859741]","[0.0964299663901329, 0.5476781129837036, -0.23411650955677032]","[0.16895423829555511, 0.5415411591529846, 0.07898738980293274]","[0.11657361686229706, 0.605458676815033, -0.23937411606311798]","[0.17674455046653748, 0.5592182874679565, 0.07986237853765488]","[0.11931270360946655, 0.6291013360023499, -0.2599382996559143]","[0.17792552709579468, 0.5570960640907288, 0.056063998490571976]","[0.12948064506053925, 0.6222535967826843, -0.27039313316345215]","[0.17325228452682495, 0.5526826977729797, 0.06866021454334259]","[0.12973949313163757, 0.6136602759361267, -0.2412133663892746]","[0.15224583446979523, 0.5909498929977417, 0.06627480685710907]","[0.12489725649356842, 0.6047486662864685, -0.0663335770368576]","[0.18473473191261292, 0.7055712938308716, 0.06659779697656631]","[0.136360764503479, 0.7241162061691284, -0.02924107015132904]","[0.21902480721473694, 0.8103426694869995, 0.12367800623178482]","[0.14585581421852112, 0.838642954826355, 0.07032321393489838]","[0.21853145956993103, 0.8400474786758423, 0.12417912483215332]","[0.1363557130098343, 0.8557542562484741, 0.07505699247121811]","[0.26345738768577576, 0.8075149059295654, 0.05571134015917778]","[0.18327349424362183, 0.8618938326835632, -0.01604723557829857]"
22.0,"[0.1359567940235138, 0.3953566253185272, -0.2796404957771301]","[0.1363811194896698, 0.3794480264186859, -0.2623685896396637]","[0.13810066878795624, 0.3784390091896057, -0.26239991188049316]","[0.1397879272699356, 0.37727341055870056, -0.26241472363471985]","[0.12879088521003723, 0.381320595741272, -0.2835461497306824]","[0.12534593045711517, 0.38176149129867554, -0.28362205624580383]","[0.12209967523813248, 0.38211360573768616, -0.283697247505188]","[0.133745476603508, 0.3754337430000305, -0.1547507345676422]","[0.1127927303314209, 0.3825778365135193, -0.25087228417396545]","[0.1391647756099701, 0.40364161133766174, -0.23625950515270233]","[0.12864720821380615, 0.4062904715538025, -0.26416879892349243]","[0.14008435606956482, 0.4217919707298279, -0.023251600563526154]","[0.09431680291891098, 0.4525916874408722, -0.2403298169374466]","[0.1495703011751175, 0.49047431349754333, 0.08738578855991364]","[0.09359803795814514, 0.5462741851806641, -0.2349705696105957]","[0.16640284657478333, 0.5414183139801025, 0.0868832916021347]","[0.11246242374181747, 0.6067606806755066, -0.23902657628059387]","[0.1733195185661316, 0.5596349835395813, 0.08924686163663864]","[0.1142258420586586, 0.630808413028717, -0.2600307762622833]","[0.17342312633991241, 0.5568139553070068, 0.06655897200107574]","[0.12470167875289917, 0.6241094470024109, -0.2715434432029724]","[0.1692110151052475, 0.5522475838661194, 0.07695070654153824]","[0.12552568316459656, 0.6154769062995911, -0.2414746731519699]","[0.15320946276187897, 0.5938000082969666, 0.0662139356136322]","[0.12399452924728394, 0.6077948808670044, -0.06627003103494644]","[0.18691673874855042, 0.7054702639579773, 0.0932774692773819]","[0.13510064780712128, 0.7275077700614929, -0.017931919544935226]","[0.2179107666015625, 0.8098952770233154, 0.1760406643152237]","[0.1460542380809784, 0.8382022380828857, 0.09421782195568085]","[0.21625180542469025, 0.8390187621116638, 0.1794673502445221]","[0.1364143043756485, 0.8556910157203674, 0.10042490065097809]","[0.26181843876838684, 0.8070418238639832, 0.11471793800592422]","[0.18343646824359894, 0.8614731431007385, 0.009915048256516457]"
23.0,"[0.1362079679965973, 0.3937019407749176, -0.26919248700141907]","[0.13624981045722961, 0.37775719165802, -0.2515842020511627]","[0.1378163844347, 0.3767993748188019, -0.25161290168762207]","[0.1394328773021698, 0.375650554895401, -0.2516118586063385]","[0.12917611002922058, 0.37918296456336975, -0.27366915345191956]","[0.12586535513401031, 0.3794693052768707, -0.27373284101486206]","[0.12272723019123077, 0.37970560789108276, -0.2737904191017151]","[0.13348709046840668, 0.37433353066444397, -0.14635445177555084]","[0.1135052889585495, 0.38065096735954285, -0.24739094078540802]","[0.13914108276367188, 0.40233340859413147, -0.2273489534854889]","[0.1291808784008026, 0.40483638644218445, -0.25668230652809143]","[0.14039406180381775, 0.4200226068496704, -0.023686733096837997]","[0.09282996505498886, 0.45389121770858765, -0.23947863280773163]","[0.14884395897388458, 0.49136826395988464, 0.0746781975030899]","[0.0934353768825531, 0.5451446771621704, -0.2289138287305832]","[0.1606241762638092, 0.5572178959846497, 0.05867256969213486]","[0.11037329584360123, 0.6046374440193176, -0.21631579101085663]","[0.1685408055782318, 0.5774120688438416, 0.05561653897166252]","[0.11293713003396988, 0.6281105279922485, -0.2355242669582367]","[0.17047715187072754, 0.5760721564292908, 0.03359160199761391]","[0.12305682897567749, 0.6220690011978149, -0.2471751719713211]","[0.1659620702266693, 0.5702420473098755, 0.04863199219107628]","[0.12362170219421387, 0.6131194829940796, -0.21891792118549347]","[0.153560072183609, 0.593404233455658, 0.066083163022995]","[0.12224950641393661, 0.6079533100128174, -0.0661405697464943]","[0.1882365494966507, 0.7042455077171326, 0.10869649797677994]","[0.13374003767967224, 0.7273128628730774, -0.016445770859718323]","[0.2110692262649536, 0.8085061311721802, 0.21128015220165253]","[0.14568465948104858, 0.8381362557411194, 0.09815657138824463]","[0.2081974297761917, 0.8364110589027405, 0.2166883945465088]","[0.13638870418071747, 0.8549349308013916, 0.10472618043422699]","[0.2542853057384491, 0.8075171113014221, 0.15086711943149567]","[0.18362155556678772, 0.861467719078064, 0.012364691123366356]"
24.0,"[0.13666214048862457, 0.3933325707912445, -0.23753862082958221]","[0.13669517636299133, 0.3775894343852997, -0.21915674209594727]","[0.13848066329956055, 0.37680989503860474, -0.21918682754039764]","[0.14043456315994263, 0.37592431902885437, -0.2191850244998932]","[0.1295117437839508, 0.37855827808380127, -0.23946228623390198]","[0.1262364536523819, 0.37864091992378235, -0.2395048439502716]","[0.12315752357244492, 0.37873709201812744, -0.23954761028289795]","[0.13455215096473694, 0.3756503760814667, -0.11597777903079987]","[0.11389404535293579, 0.38009241223335266, -0.2097843885421753]","[0.13947728276252747, 0.4025833010673523, -0.1971156895160675]","[0.12956777215003967, 0.40455418825149536, -0.22429701685905457]","[0.1389683037996292, 0.42532938718795776, -0.002784977201372385]","[0.09257346391677856, 0.45220619440078735, -0.20926550030708313]","[0.14778700470924377, 0.5008732676506042, 0.07902180403470993]","[0.09150173515081406, 0.5440032482147217, -0.2059047520160675]","[0.1572960466146469, 0.5593210458755493, 0.07018908113241196]","[0.10947421938180923, 0.6045007109642029, -0.19768773019313812]","[0.16373762488365173, 0.5796974301338196, 0.06796787679195404]","[0.11219199001789093, 0.6266492009162903, -0.2152770757675171]","[0.1659260243177414, 0.5838484168052673, 0.04714024439454079]","[0.12257272005081177, 0.6207172274589539, -0.22499582171440125]","[0.16145475208759308, 0.5777046084403992, 0.06063871458172798]","[0.12274402379989624, 0.6117404699325562, -0.1996927708387375]","[0.1527976542711258, 0.5942971706390381, 0.06549687683582306]","[0.12041431665420532, 0.6082083582878113, -0.06553974747657776]","[0.1905558854341507, 0.6986327767372131, 0.10786229372024536]","[0.1312711536884308, 0.7273979783058167, -0.06133241206407547]","[0.1984289139509201, 0.8006874918937683, 0.21142534911632538]","[0.14571896195411682, 0.8378728032112122, 0.018977776169776917]","[0.1924576461315155, 0.8220678567886353, 0.21709153056144714]","[0.1364176869392395, 0.8545207977294922, 0.022130809724330902]","[0.2410009801387787, 0.8078460097312927, 0.1545141339302063]","[0.1857040971517563, 0.8616729378700256, -0.07090955972671509]"
25.0,"[0.13676884770393372, 0.39280930161476135, -0.18298068642616272]","[0.13674165308475494, 0.37763771414756775, -0.16605836153030396]","[0.13845205307006836, 0.3770102262496948, -0.1660965383052826]","[0.1402580440044403, 0.3763398826122284, -0.16610486805438995]","[0.12947285175323486, 0.37816616892814636, -0.1863464117050171]","[0.12611941993236542, 0.37817561626434326, -0.18638047575950623]","[0.12281622737646103, 0.3782311677932739, -0.1864357441663742]","[0.13423477113246918, 0.3768477439880371, -0.07206481695175171]","[0.11353699862957001, 0.3800809979438782, -0.16530469059944153]","[0.13933812081813812, 0.4023053050041199, -0.145839661359787]","[0.12957943975925446, 0.4039786756038666, -0.17284946143627167]","[0.13530196249485016, 0.4252840280532837, 0.03346816077828407]","[0.0921182855963707, 0.452121376991272, -0.17888793349266052]","[0.14402209222316742, 0.5074867010116577, 0.10698071867227554]","[0.08907461166381836, 0.5413707494735718, -0.18641647696495056]","[0.15454956889152527, 0.5609566569328308, 0.0715707316994667]","[0.10779692232608795, 0.6020316481590271, -0.1843971312046051]","[0.1607160121202469, 0.5809487700462341, 0.07594593614339828]","[0.11102709919214249, 0.6249722242355347, -0.20216982066631317]","[0.1634775698184967, 0.5854634046554565, 0.05203956365585327]","[0.1215309277176857, 0.617902934551239, -0.20962798595428467]","[0.158959299325943, 0.5793529748916626, 0.06210429221391678]","[0.12186358869075775, 0.6097217202186584, -0.18547925353050232]","[0.15158091485500336, 0.5937357544898987, 0.06561552733182907]","[0.11888116598129272, 0.6075077652931213, -0.06568233668804169]","[0.19328448176383972, 0.6917644739151001, 0.10286202281713486]","[0.13017538189888, 0.7281545996665955, -0.09373363852500916]","[0.19101886451244354, 0.7948663234710693, 0.22437970340251923]","[0.1465599238872528, 0.8387001156806946, -0.040606480091810226]","[0.1832779049873352, 0.8137800097465515, 0.23358023166656494]","[0.14043395221233368, 0.8546252846717834, -0.03994256630539894]","[0.23228466510772705, 0.8079299330711365, 0.1934731900691986]","[0.18692059814929962, 0.864519476890564, -0.13126257061958313]"
26.0,"[0.13697263598442078, 0.39231249690055847, -0.1614554226398468]","[0.13695958256721497, 0.37726134061813354, -0.14598971605300903]","[0.13863587379455566, 0.37657517194747925, -0.146025612950325]","[0.14031602442264557, 0.3757950961589813, -0.14604201912879944]","[0.12966522574424744, 0.37798187136650085, -0.16731645166873932]","[0.12632456421852112, 0.3780340552330017, -0.16734841465950012]","[0.123049296438694, 0.3781275451183319, -0.16740448772907257]","[0.13400371372699738, 0.3767645061016083, -0.058810800313949585]","[0.11382050812244415, 0.3802281618118286, -0.15606525540351868]","[0.13948014378547668, 0.4019657075405121, -0.1264548897743225]","[0.12975893914699554, 0.4034377336502075, -0.15468254685401917]","[0.13394764065742493, 0.42619502544403076, 0.04067081958055496]","[0.09180678427219391, 0.45110318064689636, -0.1728086620569229]","[0.14323507249355316, 0.5074996948242188, 0.11954651772975922]","[0.0874624028801918, 0.5400459170341492, -0.1805122196674347]","[0.1542268991470337, 0.5602108836174011, 0.09768875688314438]","[0.10739638656377792, 0.6005492806434631, -0.17424727976322174]","[0.15954892337322235, 0.5797660946846008, 0.09826347231864929]","[0.11074338853359222, 0.6237742304801941, -0.18991589546203613]","[0.16309788823127747, 0.5843521356582642, 0.07908928394317627]","[0.12131775915622711, 0.6169816851615906, -0.19581238925457]","[0.15868429839611053, 0.5785654783248901, 0.0888308584690094]","[0.12169691175222397, 0.6085543036460876, -0.17442826926708221]","[0.15164746344089508, 0.593268096446991, 0.06576736271381378]","[0.11929110437631607, 0.606970489025116, -0.06582730263471603]","[0.19775579869747162, 0.6887499094009399, 0.07841874659061432]","[0.13004274666309357, 0.7276009321212769, -0.09395527839660645]","[0.1842014491558075, 0.7893797159194946, 0.21145932376384735]","[0.14631715416908264, 0.8384023308753967, -0.022245068103075027]","[0.1745678335428238, 0.8073099851608276, 0.22230103611946106]","[0.14037828147411346, 0.853611946105957, -0.01914982497692108]","[0.22456297278404236, 0.8080712556838989, 0.18516699969768524]","[0.18703453242778778, 0.8644508719444275, -0.10367441177368164]"
27.0,"[0.13784942030906677, 0.39193105697631836, -0.16210897266864777]","[0.1370941400527954, 0.3770548105239868, -0.14679336547851562]","[0.13881085813045502, 0.3762950003147125, -0.14683206379413605]","[0.1402931660413742, 0.375421941280365, -0.14685140550136566]","[0.12997040152549744, 0.37786760926246643, -0.16827765107154846]","[0.12653952836990356, 0.3778848350048065, -0.1683068722486496]","[0.12317601591348648, 0.37788406014442444, -0.168364018201828]","[0.1330721527338028, 0.3763268291950226, -0.058739256113767624]","[0.11401329934597015, 0.38007456064224243, -0.15667876601219177]","[0.1395597755908966, 0.40160447359085083, -0.1265759915113449]","[0.1307605803012848, 0.4030068516731262, -0.15498605370521545]","[0.134413942694664, 0.42680349946022034, 0.0406738817691803]","[0.09021143615245819, 0.45048582553863525, -0.1715078353881836]","[0.14583322405815125, 0.5051810145378113, 0.12223325669765472]","[0.08693386614322662, 0.5398923754692078, -0.18167108297348022]","[0.15600576996803284, 0.5590637922286987, 0.09825394302606583]","[0.10716839879751205, 0.6002892255783081, -0.18784677982330322]","[0.16163024306297302, 0.579225480556488, 0.0975477397441864]","[0.11076061427593231, 0.6237388849258423, -0.20626461505889893]","[0.16214528679847717, 0.5815396904945374, 0.07766030728816986]","[0.12069661915302277, 0.617047905921936, -0.21271514892578125]","[0.16043603420257568, 0.5763260126113892, 0.0890289694070816]","[0.12121014297008514, 0.6082748174667358, -0.1884409487247467]","[0.15180110931396484, 0.5934025645256042, 0.06583569198846817]","[0.11961617320775986, 0.6067017316818237, -0.06590858101844788]","[0.2000274658203125, 0.6873788237571716, 0.08649903535842896]","[0.13004179298877716, 0.7273901104927063, -0.08663327991962433]","[0.17465591430664062, 0.7818644642829895, 0.23834514617919922]","[0.1441102772951126, 0.832673966884613, -0.012299115769565105]","[0.16439862549304962, 0.7968178987503052, 0.2517993450164795]","[0.13832025229930878, 0.8494606614112854, -0.008837220259010792]","[0.21118688583374023, 0.8079825639724731, 0.22317440807819366]","[0.18574419617652893, 0.8589149117469788, -0.09318198263645172]"
28.0,"[0.13875986635684967, 0.39172086119651794, -0.20376066863536835]","[0.13718083500862122, 0.3767061233520508, -0.187390998005867]","[0.1389491856098175, 0.37588003277778625, -0.1874174177646637]","[0.1404571533203125, 0.3748847246170044, -0.18742766976356506]","[0.13019758462905884, 0.3775605857372284, -0.20844516158103943]","[0.12656788527965546, 0.3776015341281891, -0.20848743617534637]","[0.12333053350448608, 0.3776121735572815, -0.20854532718658447]","[0.13271182775497437, 0.3757767379283905, -0.09007211029529572]","[0.1137932538986206, 0.37985125184059143, -0.18600675463676453]","[0.13964813947677612, 0.40118634700775146, -0.16458618640899658]","[0.13152964413166046, 0.40268105268478394, -0.19251203536987305]","[0.1349126398563385, 0.42574435472488403, 0.023049812763929367]","[0.08949528634548187, 0.45025959610939026, -0.1915482133626938]","[0.149874746799469, 0.5012549161911011, 0.11598818004131317]","[0.08685130625963211, 0.5404408574104309, -0.1921214908361435]","[0.15718954801559448, 0.5542058944702148, 0.08718178421258926]","[0.10715967416763306, 0.6018668413162231, -0.19789057970046997]","[0.16230037808418274, 0.5740771889686584, 0.0817500501871109]","[0.11098369210958481, 0.6263101100921631, -0.216749906539917]","[0.16374674439430237, 0.5740153193473816, 0.06030357629060745]","[0.12096025049686432, 0.6203663349151611, -0.22491851449012756]","[0.16151024401187897, 0.5689939856529236, 0.07735620439052582]","[0.12152831256389618, 0.6113585233688354, -0.19895236194133759]","[0.15138262510299683, 0.5930429100990295, 0.06702246516942978]","[0.11973322927951813, 0.6064750552177429, -0.06708084046840668]","[0.19996507465839386, 0.6864824891090393, 0.11316295713186264]","[0.13016045093536377, 0.7271894812583923, -0.0735592320561409]","[0.16526959836483002, 0.7687562704086304, 0.3072171211242676]","[0.142780601978302, 0.8312159776687622, 0.000392555637517944]","[0.1536477506160736, 0.7811606526374817, 0.32417434453964233]","[0.13662779331207275, 0.8484687805175781, 0.0037911615800112486]","[0.19437538087368011, 0.8040081858634949, 0.29763516783714294]","[0.1837124228477478, 0.85905522108078, -0.08666394650936127]"
29.0,"[0.1397096812725067, 0.39142075181007385, -0.2115555703639984]","[0.1378297656774521, 0.3765850365161896, -0.19616398215293884]","[0.13913437724113464, 0.37570104002952576, -0.1961863785982132]","[0.14061298966407776, 0.3746357560157776, -0.19620352983474731]","[0.13128139078617096, 0.3775365948677063, -0.21771052479743958]","[0.12749609351158142, 0.3775096833705902, -0.2177501916885376]","[0.12390085309743881, 0.37746191024780273, -0.21780399978160858]","[0.13225063681602478, 0.3752787709236145, -0.0992552787065506]","[0.11389728635549545, 0.37964239716529846, -0.19337619841098785]","[0.13974708318710327, 0.40098845958709717, -0.17277665436267853]","[0.13226613402366638, 0.4025630056858063, -0.2012539654970169]","[0.1354312002658844, 0.4249963164329529, 0.013628877699375153]","[0.08850635588169098, 0.4498293995857239, -0.1961548626422882]","[0.15328672528266907, 0.4995488226413727, 0.11248818784952164]","[0.08566924184560776, 0.5403544902801514, -0.18466225266456604]","[0.15765897929668427, 0.5525054335594177, 0.0800856202840805]","[0.10677590221166611, 0.6018410921096802, -0.18267053365707397]","[0.16322310268878937, 0.5720940232276917, 0.07518617063760757]","[0.11088178306818008, 0.6267119646072388, -0.19830264151096344]","[0.16329888999462128, 0.5706431269645691, 0.05392221733927727]","[0.12144497781991959, 0.6207369565963745, -0.20780570805072784]","[0.16011276841163635, 0.5663436651229858, 0.07062379270792007]","[0.1217537671327591, 0.6113470196723938, -0.18375787138938904]","[0.15155163407325745, 0.5905742645263672, 0.06638369709253311]","[0.11953254044055939, 0.6043000817298889, -0.06643058359622955]","[0.2007599174976349, 0.6846017837524414, 0.09855973720550537]","[0.1305789053440094, 0.7240357995033264, -0.06548229604959488]","[0.15862812101840973, 0.7528773546218872, 0.2864864468574524]","[0.14154917001724243, 0.8300227522850037, 0.010787082836031914]","[0.1456976681947708, 0.761992871761322, 0.3036304712295532]","[0.13511040806770325, 0.8475710153579712, 0.01626121811568737]","[0.18150952458381653, 0.7972349524497986, 0.28008925914764404]","[0.1806572824716568, 0.8565228581428528, -0.061082907021045685]"
30.0,"[0.1397402435541153, 0.3914511799812317, -0.26698362827301025]","[0.13789628446102142, 0.37681272625923157, -0.2516428828239441]","[0.1391514241695404, 0.37585312128067017, -0.25164487957954407]","[0.1404058039188385, 0.3747605085372925, -0.2516475319862366]","[0.13130827248096466, 0.3782065212726593, -0.2740933299064636]","[0.12752249836921692, 0.3781636953353882, -0.274152010679245]","[0.12388764321804047, 0.37809473276138306, -0.2742117941379547]","[0.13138622045516968, 0.37504130601882935, -0.14812317490577698]","[0.11329831182956696, 0.37993377447128296, -0.24900195002555847]","[0.13982850313186646, 0.40106919407844543, -0.2245159149169922]","[0.13227003812789917, 0.4030138850212097, -0.25383976101875305]","[0.13555966317653656, 0.42134177684783936, -0.02538524940609932]","[0.08707111328840256, 0.44976016879081726, -0.22921064496040344]","[0.15450093150138855, 0.49091753363609314, 0.08639935404062271]","[0.08562161028385162, 0.5405309200286865, -0.18987403810024261]","[0.15839079022407532, 0.5510686635971069, 0.06108818203210831]","[0.10748796164989471, 0.6021857857704163, -0.18757739663124084]","[0.16362397372722626, 0.5714359879493713, 0.05715809017419815]","[0.11157412827014923, 0.6269508004188538, -0.20088092982769012]","[0.1676640808582306, 0.5635500550270081, 0.03612445294857025]","[0.12175711244344711, 0.6211322546005249, -0.21248562633991241]","[0.16362467408180237, 0.5582762360572815, 0.05172273516654968]","[0.12208271026611328, 0.6118124723434448, -0.18887314200401306]","[0.15174980461597443, 0.588923454284668, 0.06627143919467926]","[0.11999130249023438, 0.6024395823478699, -0.06632240116596222]","[0.20116189122200012, 0.684264600276947, 0.1023118644952774]","[0.13085564970970154, 0.7207309007644653, -0.04544321820139885]","[0.15000055730342865, 0.7394034266471863, 0.3026372790336609]","[0.14176510274410248, 0.8301600217819214, 0.046945296227931976]","[0.13762250542640686, 0.7459055185317993, 0.3207906186580658]","[0.13523122668266296, 0.8459235429763794, 0.05280628800392151]","[0.1687459647655487, 0.7873369455337524, 0.2973472476005554]","[0.18058663606643677, 0.8568592667579651, -0.03183085471391678]"
31.0,"[0.1400156468153, 0.3905124068260193, -0.2545160949230194]","[0.13793054223060608, 0.3763800263404846, -0.23927338421344757]","[0.13917040824890137, 0.37543779611587524, -0.23928730189800262]","[0.1401585191488266, 0.37450534105300903, -0.23929019272327423]","[0.13162633776664734, 0.3778708875179291, -0.2622233033180237]","[0.1278451532125473, 0.3777562379837036, -0.2622893452644348]","[0.12407290935516357, 0.37758809328079224, -0.26235654950141907]","[0.129812091588974, 0.3745829164981842, -0.13867047429084778]","[0.11300534009933472, 0.3792728781700134, -0.2426687479019165]","[0.13990963995456696, 0.40006986260414124, -0.21322710812091827]","[0.1325192004442215, 0.40259069204330444, -0.24312028288841248]","[0.1356944888830185, 0.4169890582561493, -0.02068883366882801]","[0.08640255033969879, 0.4496006369590759, -0.22768957912921906]","[0.15457317233085632, 0.48690420389175415, 0.08061831444501877]","[0.08552880585193634, 0.5405183434486389, -0.19511739909648895]","[0.15866872668266296, 0.5488547086715698, 0.04940763860940933]","[0.10764892399311066, 0.6031389832496643, -0.1746421754360199]","[0.16336515545845032, 0.5711492896080017, 0.04493657499551773]","[0.11168793588876724, 0.6280253529548645, -0.1852222979068756]","[0.1684335470199585, 0.5616054534912109, 0.024465251713991165]","[0.12118257582187653, 0.6225387454032898, -0.19724667072296143]","[0.1641985923051834, 0.5557249188423157, 0.04008037596940994]","[0.12169305235147476, 0.613757312297821, -0.17569568753242493]","[0.15203474462032318, 0.5885080695152283, 0.06662864983081818]","[0.12009857594966888, 0.6019908785820007, -0.06667472422122955]","[0.20146393775939941, 0.6847410798072815, 0.09938101470470428]","[0.13188305497169495, 0.7205502986907959, -0.05728641897439957]","[0.14282794296741486, 0.7303431630134583, 0.2970617711544037]","[0.14246472716331482, 0.8316962718963623, 0.022038403898477554]","[0.12994755804538727, 0.7312554121017456, 0.31578394770622253]","[0.13625767827033997, 0.8462522625923157, 0.026196295395493507]","[0.1564892828464508, 0.7749940156936646, 0.29852819442749023]","[0.18186302483081818, 0.8609494566917419, -0.060848869383335114]"
32.0,"[0.13993538916110992, 0.3904697000980377, -0.2533567547798157]","[0.13782984018325806, 0.37631934881210327, -0.23909468948841095]","[0.13898275792598724, 0.3753243386745453, -0.2391168177127838]","[0.1398845613002777, 0.3743098974227905, -0.23912367224693298]","[0.13133904337882996, 0.37792932987213135, -0.2610622048377991]","[0.12743403017520905, 0.37785694003105164, -0.26113802194595337]","[0.12356293201446533, 0.37770602107048035, -0.26121875643730164]","[0.1297784149646759, 0.3744523823261261, -0.13978461921215057]","[0.11190421879291534, 0.37927067279815674, -0.2384292185306549]","[0.13994306325912476, 0.40000268816947937, -0.21223029494285583]","[0.13243068754673004, 0.40255528688430786, -0.2408098429441452]","[0.13723720610141754, 0.41329777240753174, -0.021531369537115097]","[0.08646886050701141, 0.4496871829032898, -0.22506916522979736]","[0.15465202927589417, 0.48391440510749817, 0.07761387526988983]","[0.08572468906641006, 0.5409788489341736, -0.19711622595787048]","[0.15892867743968964, 0.5467490553855896, 0.05129825323820114]","[0.10811491310596466, 0.6048983931541443, -0.18366631865501404]","[0.16886690258979797, 0.5687803626060486, 0.04860625043511391]","[0.11208146810531616, 0.6292984485626221, -0.1960143744945526]","[0.16937123239040375, 0.5611902475357056, 0.02755025401711464]","[0.12138722836971283, 0.6245039105415344, -0.20720724761486053]","[0.16488030552864075, 0.5551500916481018, 0.04202425479888916]","[0.12186522781848907, 0.6162055730819702, -0.18471182882785797]","[0.15216322243213654, 0.5874864459037781, 0.06575082242488861]","[0.12031537294387817, 0.6005376577377319, -0.06578613817691803]","[0.2011949121952057, 0.6865217089653015, 0.08917361497879028]","[0.13185599446296692, 0.7196261882781982, -0.08288252353668213]","[0.13272276520729065, 0.7191356420516968, 0.2814747095108032]","[0.14439420402050018, 0.8344024419784546, -0.038980334997177124]","[0.11921492964029312, 0.7148522138595581, 0.2987672686576843]","[0.13844704627990723, 0.8472890853881836, -0.03788044676184654]","[0.1367211788892746, 0.7603995203971863, 0.28687775135040283]","[0.18223249912261963, 0.8650272488594055, -0.12329262495040894]"
33.0,"[0.13890627026557922, 0.39049604535102844, -0.23372960090637207]","[0.13656699657440186, 0.3762909471988678, -0.2202182561159134]","[0.13776913285255432, 0.37530022859573364, -0.22024321556091309]","[0.13878627121448517, 0.3742483854293823, -0.22024910151958466]","[0.12974604964256287, 0.37786370515823364, -0.2425377368927002]","[0.12588950991630554, 0.3778162896633148, -0.2426307499408722]","[0.1221320629119873, 0.37773263454437256, -0.24271157383918762]","[0.12979942560195923, 0.37429279088974, -0.12368565797805786]","[0.11077797412872314, 0.3795923590660095, -0.22246679663658142]","[0.13946671783924103, 0.4000687599182129, -0.19331316649913788]","[0.1315482258796692, 0.4026735723018646, -0.2218267172574997]","[0.13734808564186096, 0.4134758710861206, -0.006767946295440197]","[0.08650040626525879, 0.4513038694858551, -0.21673333644866943]","[0.15328341722488403, 0.4841679632663727, 0.08176223933696747]","[0.08590672165155411, 0.5418229699134827, -0.1914849579334259]","[0.15531672537326813, 0.547640860080719, 0.057900719344615936]","[0.10842432826757431, 0.60686194896698, -0.16370223462581635]","[0.1687861979007721, 0.5684566497802734, 0.055742938071489334]","[0.11208341270685196, 0.6300397515296936, -0.17237761616706848]","[0.1684870719909668, 0.5640757083892822, 0.03542640060186386]","[0.12061719596385956, 0.6255250573158264, -0.18136422336101532]","[0.16396333277225494, 0.5581823587417603, 0.0486949160695076]","[0.12136735022068024, 0.6177478432655334, -0.16322393715381622]","[0.15222737193107605, 0.5875051021575928, 0.06601163744926453]","[0.12053678929805756, 0.6005133986473083, -0.06604788452386856]","[0.20053231716156006, 0.6917091012001038, 0.07595662027597427]","[0.13189096748828888, 0.7189874649047852, -0.07551079243421555]","[0.12382872402667999, 0.7036332488059998, 0.25196823477745056]","[0.144185870885849, 0.8346920609474182, -0.019855471327900887]","[0.10679636895656586, 0.6978758573532104, 0.2705739140510559]","[0.13830840587615967, 0.8482769131660461, -0.016786634922027588]","[0.11385474354028702, 0.7537329792976379, 0.26852327585220337]","[0.18229486048221588, 0.8649917840957642, -0.09227685630321503]"
34.0,"[0.1379173845052719, 0.3901771605014801, -0.22740569710731506]","[0.13579976558685303, 0.3757459819316864, -0.2139497995376587]","[0.13716746866703033, 0.37491413950920105, -0.21397407352924347]","[0.1383654773235321, 0.37406909465789795, -0.2139900177717209]","[0.12844941020011902, 0.3771418333053589, -0.2360350340604782]","[0.12448485940694809, 0.37718382477760315, -0.23611915111541748]","[0.12065191566944122, 0.3772417902946472, -0.23619885742664337]","[0.13000449538230896, 0.3741799294948578, -0.11841446161270142]","[0.10917345434427261, 0.3795439600944519, -0.21637697517871857]","[0.13904820382595062, 0.39994314312934875, -0.18736083805561066]","[0.13029992580413818, 0.4026384949684143, -0.21561093628406525]","[0.13799437880516052, 0.4137314558029175, -0.0009528370574116707]","[0.08654806762933731, 0.45178744196891785, -0.21284198760986328]","[0.1522676646709442, 0.48682790994644165, 0.08604531735181808]","[0.08608262240886688, 0.542479395866394, -0.19403871893882751]","[0.15409712493419647, 0.5482284426689148, 0.061771608889102936]","[0.10848580300807953, 0.6094841361045837, -0.17423678934574127]","[0.16904309391975403, 0.5699397325515747, 0.05972225219011307]","[0.11226807534694672, 0.63145911693573, -0.18687927722930908]","[0.16856786608695984, 0.5677993893623352, 0.0391630157828331]","[0.12080319970846176, 0.6271323561668396, -0.19699229300022125]","[0.1640143096446991, 0.5619595646858215, 0.052416883409023285]","[0.12155289947986603, 0.6196967363357544, -0.17538253962993622]","[0.15234775841236115, 0.5875265598297119, 0.06604952365159988]","[0.12069308757781982, 0.6000512838363647, -0.06608374416828156]","[0.19696292281150818, 0.6949422955513, 0.058489274233579636]","[0.13348892331123352, 0.7176066637039185, -0.07068343460559845]","[0.12131012976169586, 0.6948222517967224, 0.24280831217765808]","[0.14422893524169922, 0.8356876373291016, -0.008901423774659634]","[0.10327458381652832, 0.6862851977348328, 0.26257285475730896]","[0.13831362128257751, 0.8495790958404541, -0.012432312592864037]","[0.10466063022613525, 0.7378973364830017, 0.2636679410934448]","[0.1823287010192871, 0.8649968504905701, -0.06252673268318176]"
35.0,"[0.13673976063728333, 0.3888082206249237, -0.22882933914661407]","[0.13506999611854553, 0.3747093379497528, -0.21508514881134033]","[0.13670802116394043, 0.3740847706794739, -0.21510669589042664]","[0.1381521373987198, 0.3734855055809021, -0.21512186527252197]","[0.1268589198589325, 0.3758726716041565, -0.23712117969989777]","[0.12269282341003418, 0.37602731585502625, -0.2371988743543625]","[0.11877168715000153, 0.37626126408576965, -0.2372761219739914]","[0.13015836477279663, 0.37368717789649963, -0.11883201450109482]","[0.1073792353272438, 0.3793090283870697, -0.21685901284217834]","[0.1385529786348343, 0.3990640640258789, -0.1886795163154602]","[0.12865303456783295, 0.40212398767471313, -0.2170219123363495]","[0.13861170411109924, 0.41364291310310364, -0.0002486127777956426]","[0.08617497980594635, 0.4520343840122223, -0.21370740234851837]","[0.15151219069957733, 0.48719558119773865, 0.09535425901412964]","[0.08574511855840683, 0.5426241755485535, -0.19654197990894318]","[0.1534009575843811, 0.548011064529419, 0.0748232901096344]","[0.10868243873119354, 0.6098757386207581, -0.17781928181648254]","[0.17013591527938843, 0.5695506930351257, 0.07605993002653122]","[0.11226025968790054, 0.6315874457359314, -0.1882690191268921]","[0.16953536868095398, 0.5671961307525635, 0.05539941042661667]","[0.12095699459314346, 0.627122163772583, -0.2018899917602539]","[0.16479413211345673, 0.5615125894546509, 0.0656270757317543]","[0.1216207966208458, 0.6198232769966125, -0.17636540532112122]","[0.15231934189796448, 0.5869872570037842, 0.06632018834352493]","[0.12078194320201874, 0.5988178253173828, -0.06638607382774353]","[0.19215378165245056, 0.6965207457542419, 0.06592938303947449]","[0.13647475838661194, 0.7185085415840149, -0.06906384974718094]","[0.1175459772348404, 0.694489598274231, 0.2460567057132721]","[0.14424516260623932, 0.8357705473899841, 0.018447788432240486]","[0.09578646719455719, 0.6808240413665771, 0.26748380064964294]","[0.13822083175182343, 0.8495714664459229, 0.02465840056538582]","[0.09960837662220001, 0.7373811602592468, 0.27509820461273193]","[0.1812283992767334, 0.8648396730422974, -0.03312103450298309]"
36.0,"[0.13591405749320984, 0.3886573612689972, -0.21464750170707703]","[0.13451240956783295, 0.37406155467033386, -0.20056931674480438]","[0.1363183557987213, 0.37353596091270447, -0.2005939930677414]","[0.13793082535266876, 0.37306147813796997, -0.20061449706554413]","[0.12585066258907318, 0.37526941299438477, -0.22235903143882751]","[0.12160501629114151, 0.3755379319190979, -0.22242605686187744]","[0.11766910552978516, 0.3758777678012848, -0.22249794006347656]","[0.13027146458625793, 0.3735993206501007, -0.10532176494598389]","[0.10651707649230957, 0.379292368888855, -0.20232903957366943]","[0.1383306235074997, 0.39873844385147095, -0.17509543895721436]","[0.1278659701347351, 0.4019254744052887, -0.20306435227394104]","[0.13864640891551971, 0.41385897994041443, 0.013607224449515343]","[0.0861823558807373, 0.45231893658638, -0.2052890956401825]","[0.14918255805969238, 0.4896751642227173, 0.10519057512283325]","[0.08558284491300583, 0.5427120327949524, -0.19405968487262726]","[0.15708456933498383, 0.5482648015022278, 0.07736556231975555]","[0.10881217569112778, 0.610098659992218, -0.18132668733596802]","[0.17009995877742767, 0.5689169764518738, 0.077436164021492]","[0.11264938116073608, 0.6314618587493896, -0.1934351623058319]","[0.16937664151191711, 0.5668079853057861, 0.05718561261892319]","[0.12119267135858536, 0.626960039138794, -0.20273348689079285]","[0.1646200716495514, 0.5612191557884216, 0.06796656548976898]","[0.1217213124036789, 0.6196566224098206, -0.18030117452144623]","[0.15156780183315277, 0.5867700576782227, 0.06717076897621155]","[0.1208757534623146, 0.5983964204788208, -0.0672721266746521]","[0.18797649443149567, 0.6986284255981445, 0.06667418777942657]","[0.13772103190422058, 0.7196908593177795, -0.06356723606586456]","[0.11578629165887833, 0.696567714214325, 0.24706611037254333]","[0.14425940811634064, 0.835749089717865, 0.030951732769608498]","[0.09398622810840607, 0.6804665327072144, 0.26712143421173096]","[0.1382065713405609, 0.8493443727493286, 0.03877982124686241]","[0.09594324231147766, 0.7381390929222107, 0.2708919644355774]","[0.18052992224693298, 0.8647098541259766, -0.020671578124165535]"
37.0,"[0.13264672458171844, 0.38874951004981995, -0.24178174138069153]","[0.13194210827350616, 0.37420356273651123, -0.22821339964866638]","[0.1339379847049713, 0.3737027049064636, -0.22822634875774384]","[0.13583073019981384, 0.3732038736343384, -0.22824589908123016]","[0.12345436960458755, 0.3754860758781433, -0.25107479095458984]","[0.11940884590148926, 0.3759145438671112, -0.2511487901210785]","[0.11579202115535736, 0.37636807560920715, -0.2512339651584625]","[0.1294761598110199, 0.37351277470588684, -0.12933117151260376]","[0.10518966615200043, 0.3796530067920685, -0.2313096523284912]","[0.1356881558895111, 0.3989642858505249, -0.20012398064136505]","[0.12482794374227524, 0.40237197279930115, -0.22959962487220764]","[0.1384855955839157, 0.4139978587627411, 0.009781591594219208]","[0.08633401244878769, 0.452078640460968, -0.2309248149394989]","[0.14825132489204407, 0.4828638732433319, 0.11360187828540802]","[0.0852922797203064, 0.5419103503227234, -0.2230517566204071]","[0.15840888023376465, 0.5424183011054993, 0.10239402204751968]","[0.1089114174246788, 0.6097379922866821, -0.22108760476112366]","[0.1695215106010437, 0.5614383220672607, 0.10460416972637177]","[0.11269621551036835, 0.6312606334686279, -0.237834170460701]","[0.16817617416381836, 0.5591476559638977, 0.08274346590042114]","[0.121273472905159, 0.6266821622848511, -0.24360883235931396]","[0.16370972990989685, 0.5534783005714417, 0.09306146204471588]","[0.12181967496871948, 0.6193193197250366, -0.21945133805274963]","[0.1504165083169937, 0.5839661359786987, 0.07043012231588364]","[0.12091998010873795, 0.5944661498069763, -0.07056935131549835]","[0.18571807444095612, 0.7017887830734253, 0.08463502675294876]","[0.1407606452703476, 0.7190027236938477, -0.07404837757349014]","[0.11143509298563004, 0.7010698318481445, 0.2773915231227875]","[0.14391157031059265, 0.8342081308364868, 0.021823368966579437]","[0.09207426011562347, 0.6879056096076965, 0.29769474267959595]","[0.1381082832813263, 0.8489919304847717, 0.03175198286771774]","[0.09599995613098145, 0.7471143007278442, 0.2957209348678589]","[0.18009833991527557, 0.8633057475090027, -0.032616857439279556]"
38.0,"[0.13229911029338837, 0.38875797390937805, -0.2503536641597748]","[0.13156816363334656, 0.37390387058258057, -0.23573258519172668]","[0.133562833070755, 0.37341830134391785, -0.23574991524219513]","[0.13547448813915253, 0.3729431927204132, -0.2357669323682785]","[0.12317675352096558, 0.3752765357494354, -0.2580447196960449]","[0.11918958276510239, 0.3757759928703308, -0.25812003016471863]","[0.11556817591190338, 0.37629395723342896, -0.2582060396671295]","[0.12953561544418335, 0.37312301993370056, -0.13339000940322876]","[0.10493674129247665, 0.3796219527721405, -0.2331598550081253]","[0.13554303348064423, 0.3986889719963074, -0.20771411061286926]","[0.12474068254232407, 0.4023765027523041, -0.23649218678474426]","[0.13886430859565735, 0.41249001026153564, 0.00740083446726203]","[0.08644314110279083, 0.45201700925827026, -0.23142214119434357]","[0.14837875962257385, 0.48242834210395813, 0.11872116476297379]","[0.08530452847480774, 0.5418944954872131, -0.22198884189128876]","[0.16148641705513, 0.5356317162513733, 0.10919729620218277]","[0.10901258140802383, 0.6098434329032898, -0.2162376344203949]","[0.1700865477323532, 0.5528637170791626, 0.11148911714553833]","[0.11273877322673798, 0.6312978267669678, -0.23177194595336914]","[0.1685820072889328, 0.5505222082138062, 0.09073852747678757]","[0.12131036818027496, 0.6267220973968506, -0.23888373374938965]","[0.1641901582479477, 0.5456114411354065, 0.10026766359806061]","[0.12188102304935455, 0.6193296313285828, -0.21518178284168243]","[0.15055835247039795, 0.5841578245162964, 0.07279063761234283]","[0.12159518897533417, 0.5936470627784729, -0.07293473929166794]","[0.18428486585617065, 0.7047518491744995, 0.10807158052921295]","[0.140802800655365, 0.718519926071167, -0.07331065833568573]","[0.11136444658041, 0.7041863799095154, 0.30167874693870544]","[0.14342063665390015, 0.8316895365715027, 0.014813537709414959]","[0.09176299721002579, 0.6918723583221436, 0.3217458128929138]","[0.13792213797569275, 0.8479742407798767, 0.02332869917154312]","[0.09780661761760712, 0.7511505484580994, 0.3178730905056]","[0.18021054565906525, 0.8610235452651978, -0.04165323078632355]"
39.0,"[0.13173796236515045, 0.38786011934280396, -0.25295767188072205]","[0.13099472224712372, 0.37373581528663635, -0.23803360760211945]","[0.13292309641838074, 0.37336301803588867, -0.23805241286754608]","[0.1347896009683609, 0.3729173541069031, -0.2380695641040802]","[0.12288308143615723, 0.37488895654678345, -0.25999659299850464]","[0.11894629895687103, 0.37547510862350464, -0.2600732743740082]","[0.11538876593112946, 0.37608569860458374, -0.26016274094581604]","[0.12911203503608704, 0.3730736970901489, -0.13651935756206512]","[0.10482917726039886, 0.37959253787994385, -0.234837144613266]","[0.13491804897785187, 0.39841166138648987, -0.21104487776756287]","[0.12431267648935318, 0.40218591690063477, -0.23938477039337158]","[0.13880307972431183, 0.4135229289531708, 0.0044236695393919945]","[0.08652709424495697, 0.45194584131240845, -0.2349090874195099]","[0.14898544549942017, 0.4828746020793915, 0.11379214376211166]","[0.0863853469491005, 0.5425878167152405, -0.2269851416349411]","[0.164498969912529, 0.5338941216468811, 0.09972452372312546]","[0.109734907746315, 0.6098378896713257, -0.22099506855010986]","[0.17189019918441772, 0.5505622625350952, 0.10059740394353867]","[0.11377681791782379, 0.6317834854125977, -0.2370258867740631]","[0.17028066515922546, 0.5481693148612976, 0.08010689914226532]","[0.12212049961090088, 0.6271933913230896, -0.24439851939678192]","[0.16597184538841248, 0.5435816049575806, 0.09067828953266144]","[0.12227479368448257, 0.6194761395454407, -0.22008109092712402]","[0.15058697760105133, 0.5845110416412354, 0.07449151575565338]","[0.12360207736492157, 0.59364253282547, -0.07464035600423813]","[0.18367984890937805, 0.7056670784950256, 0.11886944621801376]","[0.14245817065238953, 0.7184572219848633, -0.0735216960310936]","[0.11341764032840729, 0.7082073092460632, 0.31377193331718445]","[0.14343902468681335, 0.8316328525543213, 0.012049107812345028]","[0.09383401274681091, 0.6985506415367126, 0.33398938179016113]","[0.1376243233680725, 0.84773850440979, 0.0198961328715086]","[0.1010492667555809, 0.7515278458595276, 0.3308604955673218]","[0.18148930370807648, 0.8609262704849243, -0.04574884846806526]"
40.0,"[0.13187183439731598, 0.3861742615699768, -0.25765740871429443]","[0.13098223507404327, 0.37289008498191833, -0.24200694262981415]","[0.13287343084812164, 0.3727041184902191, -0.242021843791008]","[0.13470257818698883, 0.37244245409965515, -0.24202632904052734]","[0.12288312613964081, 0.37400761246681213, -0.2638271450996399]","[0.11903141438961029, 0.37475234270095825, -0.2639097273349762]","[0.11534253507852554, 0.3756293058395386, -0.263997346162796]","[0.1291479617357254, 0.37283676862716675, -0.13861754536628723]","[0.10509699583053589, 0.37956544756889343, -0.236517995595932]","[0.1350456178188324, 0.39720383286476135, -0.21523550152778625]","[0.12456967681646347, 0.4011436104774475, -0.24344244599342346]","[0.1395026296377182, 0.4136199653148651, 0.0003427455376368016]","[0.08697695285081863, 0.4518815577030182, -0.23540839552879333]","[0.14965303242206573, 0.48308059573173523, 0.10042749345302582]","[0.08777447044849396, 0.5434170961380005, -0.2230679988861084]","[0.16573046147823334, 0.5400084853172302, 0.07372280955314636]","[0.11044593900442123, 0.6102115511894226, -0.21416804194450378]","[0.17304663360118866, 0.5583955645561218, 0.07160509377717972]","[0.11452044546604156, 0.633220911026001, -0.22942617535591125]","[0.1711561232805252, 0.558116614818573, 0.05219491571187973]","[0.12251614034175873, 0.6287849545478821, -0.2371228188276291]","[0.16659851372241974, 0.552706778049469, 0.06461219489574432]","[0.12262146174907684, 0.6206046938896179, -0.2136249989271164]","[0.15140843391418457, 0.5846196413040161, 0.07465509325265884]","[0.12435362488031387, 0.5937507152557373, -0.07480987906455994]","[0.184560164809227, 0.7065889239311218, 0.1190534383058548]","[0.1427595019340515, 0.7145141363143921, -0.07768924534320831]","[0.11441934108734131, 0.7089826464653015, 0.3189464211463928]","[0.14343085885047913, 0.8317095637321472, 0.00780875887721777]","[0.0973409041762352, 0.6995061635971069, 0.33976686000823975]","[0.13750478625297546, 0.8477164506912231, 0.015224957838654518]","[0.1018177717924118, 0.7600470185279846, 0.33593684434890747]","[0.18168069422245026, 0.8609390258789062, -0.05574997514486313]"
41.0,"[0.1321563422679901, 0.38460439443588257, -0.2560107707977295]","[0.13120442628860474, 0.371500700712204, -0.24047112464904785]","[0.13311436772346497, 0.37129178643226624, -0.24048881232738495]","[0.13495191931724548, 0.37104204297065735, -0.24049195647239685]","[0.12296473979949951, 0.3727796673774719, -0.26091840863227844]","[0.11914049088954926, 0.37361592054367065, -0.2610008120536804]","[0.11554326117038727, 0.37459123134613037, -0.2610833942890167]","[0.12986144423484802, 0.3720071017742157, -0.13821622729301453]","[0.10531266033649445, 0.3793941140174866, -0.23369380831718445]","[0.13545843958854675, 0.3957154154777527, -0.21433842182159424]","[0.12493076175451279, 0.4004387855529785, -0.24067194759845734]","[0.1424187421798706, 0.41402339935302734, -0.004629152826964855]","[0.08840678632259369, 0.45254307985305786, -0.23157835006713867]","[0.1514769196510315, 0.48424848914146423, 0.09119759500026703]","[0.09206884354352951, 0.544684648513794, -0.21032492816448212]","[0.16167941689491272, 0.5425399541854858, 0.07044699043035507]","[0.1114722266793251, 0.6114019751548767, -0.18749584257602692]","[0.17553561925888062, 0.5595899820327759, 0.06906963884830475]","[0.11571522057056427, 0.6358350515365601, -0.19856448471546173]","[0.1735975742340088, 0.5600876212120056, 0.051387637853622437]","[0.12349383533000946, 0.632259726524353, -0.2074451893568039]","[0.1688026338815689, 0.5549018979072571, 0.062155015766620636]","[0.1234198585152626, 0.6237452030181885, -0.18699681758880615]","[0.15212878584861755, 0.5875169038772583, 0.07429276406764984]","[0.1250889152288437, 0.5948556065559387, -0.07447151839733124]","[0.18533915281295776, 0.7065283060073853, 0.11282321065664291]","[0.14263619482517242, 0.7146109938621521, -0.0760561004281044]","[0.11698822677135468, 0.7247055172920227, 0.30257025361061096]","[0.1436375230550766, 0.8318291306495667, -0.002810344099998474]","[0.09989061206579208, 0.7207599878311157, 0.3219258189201355]","[0.13802391290664673, 0.8478575348854065, 0.0027710688300430775]","[0.10606467723846436, 0.774058997631073, 0.3156225383281708]","[0.18262922763824463, 0.8609015345573425, -0.0716572105884552]"
42.0,"[0.13228194415569305, 0.38474395871162415, -0.2833881676197052]","[0.1314467191696167, 0.37146005034446716, -0.2669523060321808]","[0.1333920955657959, 0.3711334466934204, -0.2669530212879181]","[0.13524094223976135, 0.3707592189311981, -0.26696130633354187]","[0.12306834757328033, 0.3727963864803314, -0.28780537843704224]","[0.11920374631881714, 0.37377044558525085, -0.28789180517196655]","[0.11569543927907944, 0.37495121359825134, -0.28800061345100403]","[0.13089215755462646, 0.37184974551200867, -0.15939034521579742]","[0.10543227195739746, 0.3799080550670624, -0.25334855914115906]","[0.13600464165210724, 0.3957269489765167, -0.2399410456418991]","[0.12523704767227173, 0.4006589651107788, -0.2669852077960968]","[0.14307048916816711, 0.41544854640960693, -0.01714966632425785]","[0.09085813909769058, 0.45326122641563416, -0.24933607876300812]","[0.15439626574516296, 0.47009387612342834, 0.12173028290271759]","[0.09615807235240936, 0.5466673374176025, -0.2379385530948639]","[0.16567301750183105, 0.497286856174469, 0.1701117902994156]","[0.11312724649906158, 0.6127802133560181, -0.22107867896556854]","[0.1749941110610962, 0.5076549649238586, 0.18158140778541565]","[0.1168380156159401, 0.6377667784690857, -0.2316713035106659]","[0.17338906228542328, 0.5051991939544678, 0.1663844734430313]","[0.12490646541118622, 0.63443922996521, -0.24469101428985596]","[0.1689566820859909, 0.5029844641685486, 0.164917454123497]","[0.12479878962039948, 0.6257914900779724, -0.22207072377204895]","[0.15245330333709717, 0.5898542404174805, 0.07390528172254562]","[0.12577536702156067, 0.5968202352523804, -0.07407324016094208]","[0.18573638796806335, 0.7064024209976196, 0.12673182785511017]","[0.1423596292734146, 0.7148494124412537, -0.09004443883895874]","[0.12193167209625244, 0.7379980087280273, 0.32677599787712097]","[0.14479465782642365, 0.8332430124282837, -0.029914865270256996]","[0.10718878358602524, 0.7396575808525085, 0.3463064134120941]","[0.1386474072933197, 0.8494101166725159, -0.026345565915107727]","[0.12397809326648712, 0.7840988039970398, 0.335305392742157]","[0.18498863279819489, 0.8631852269172668, -0.11176732927560806]"
43.0,"[0.1335921585559845, 0.3844793438911438, -0.2780747711658478]","[0.13227127492427826, 0.370439738035202, -0.26366621255874634]","[0.1341186761856079, 0.3698224127292633, -0.263664186000824]","[0.13585048913955688, 0.3689335286617279, -0.2636691927909851]","[0.12412089109420776, 0.3724464178085327, -0.2844124436378479]","[0.12026138603687286, 0.37358149886131287, -0.2844845950603485]","[0.11667575687170029, 0.37488552927970886, -0.2845882773399353]","[0.1314495950937271, 0.370675265789032, -0.16282813251018524]","[0.10670648515224457, 0.37989887595176697, -0.25596198439598083]","[0.13730701804161072, 0.39529702067375183, -0.23656034469604492]","[0.12711788713932037, 0.4001274108886719, -0.2635077238082886]","[0.14318019151687622, 0.41546621918678284, -0.026050139218568802]","[0.0930320993065834, 0.4537906050682068, -0.2563919126987457]","[0.15769779682159424, 0.46141067147254944, 0.11698361486196518]","[0.09863132238388062, 0.5469064116477966, -0.2550557553768158]","[0.16683438420295715, 0.47992807626724243, 0.16796891391277313]","[0.1149716004729271, 0.6125635504722595, -0.24296729266643524]","[0.17494037747383118, 0.4885166883468628, 0.17701688408851624]","[0.11788459122180939, 0.6372200846672058, -0.2564692795276642]","[0.1721607893705368, 0.485647052526474, 0.16336394846439362]","[0.12569564580917358, 0.6336831450462341, -0.26949843764305115]","[0.16892331838607788, 0.48449236154556274, 0.16313575208187103]","[0.12590426206588745, 0.6251700520515442, -0.24449336528778076]","[0.1535085290670395, 0.5900433659553528, 0.07247103750705719]","[0.12724992632865906, 0.5972061157226562, -0.07264629751443863]","[0.18613162636756897, 0.7047825455665588, 0.18272435665130615]","[0.14200064539909363, 0.7145189642906189, -0.07443207502365112]","[0.13844166696071625, 0.7483989000320435, 0.36940473318099976]","[0.14723914861679077, 0.8331450819969177, -0.021743688732385635]","[0.1300908774137497, 0.753699541091919, 0.38699933886528015]","[0.14068831503391266, 0.8494047522544861, -0.019517190754413605]","[0.15210072696208954, 0.7923250198364258, 0.37191227078437805]","[0.18562352657318115, 0.8638999462127686, -0.10581158101558685]"
44.0,"[0.1361081898212433, 0.3841116726398468, -0.31126683950424194]","[0.134198859333992, 0.3693486154079437, -0.29430851340293884]","[0.1358681619167328, 0.3683514893054962, -0.29431527853012085]","[0.13741335272789001, 0.3673887550830841, -0.29431799054145813]","[0.12622389197349548, 0.3718135952949524, -0.315939724445343]","[0.12229526042938232, 0.3731268644332886, -0.3160150945186615]","[0.11837564408779144, 0.37462854385375977, -0.3161359429359436]","[0.13241423666477203, 0.3697061240673065, -0.18158338963985443]","[0.10835282504558563, 0.3798348307609558, -0.27906128764152527]","[0.13947810232639313, 0.39494484663009644, -0.2654936909675598]","[0.12975041568279266, 0.3996664881706238, -0.29370564222335815]","[0.1449398547410965, 0.41468948125839233, -0.03525083512067795]","[0.09344802796840668, 0.45453521609306335, -0.27124303579330444]","[0.15944741666316986, 0.46677297353744507, 0.11543067544698715]","[0.10072064399719238, 0.5475528240203857, -0.26412832736968994]","[0.16655409336090088, 0.5008502006530762, 0.13580696284770966]","[0.1178533211350441, 0.6109435558319092, -0.25745975971221924]","[0.17569629848003387, 0.5143305063247681, 0.1398327797651291]","[0.11976834386587143, 0.634998083114624, -0.27537986636161804]","[0.1727161556482315, 0.5124134421348572, 0.12271755933761597]","[0.12804703414440155, 0.6310728788375854, -0.28954529762268066]","[0.16976863145828247, 0.5093234181404114, 0.12894202768802643]","[0.12856879830360413, 0.6230379343032837, -0.25986501574516296]","[0.1552189439535141, 0.5914363265037537, 0.07329057157039642]","[0.12800820171833038, 0.5986998081207275, -0.0734570100903511]","[0.18625178933143616, 0.7045534253120422, 0.17806297540664673]","[0.14171363413333893, 0.7185739874839783, -0.07253735512495041]","[0.15046082437038422, 0.768879771232605, 0.3825936019420624]","[0.14955098927021027, 0.8316844701766968, 0.009396888315677643]","[0.14077763259410858, 0.778511106967926, 0.4010162949562073]","[0.14201532304286957, 0.8492376208305359, 0.013788178563117981]","[0.1735072135925293, 0.8118972182273865, 0.36923056840896606]","[0.18762250244617462, 0.8627463579177856, -0.09396477788686752]"
45.0,"[0.13820995390415192, 0.38227489590644836, -0.29448437690734863]","[0.1361611932516098, 0.36836495995521545, -0.286598265171051]","[0.13774850964546204, 0.36748456954956055, -0.28656885027885437]","[0.1392599642276764, 0.3665331304073334, -0.28660857677459717]","[0.1282496452331543, 0.3708755671977997, -0.30618372559547424]","[0.12429912388324738, 0.3722239136695862, -0.30624574422836304]","[0.12031449377536774, 0.37373873591423035, -0.3062713146209717]","[0.1340063214302063, 0.36932918429374695, -0.1689961701631546]","[0.11093384027481079, 0.37952277064323425, -0.24494174122810364]","[0.14133921265602112, 0.39343321323394775, -0.25002801418304443]","[0.13191179931163788, 0.39800548553466797, -0.2893262803554535]","[0.14788979291915894, 0.41472718119621277, -0.027745705097913742]","[0.09514108300209045, 0.45454466342926025, -0.23923690617084503]","[0.1605057716369629, 0.4783686101436615, 0.08978407084941864]","[0.10277052223682404, 0.5480707287788391, -0.22648108005523682]","[0.1661132574081421, 0.5395224094390869, 0.07360919564962387]","[0.12040122598409653, 0.6108818650245667, -0.21915984153747559]","[0.1773565113544464, 0.5524682998657227, 0.07086627930402756]","[0.12263022363185883, 0.6349679827690125, -0.23871488869190216]","[0.17507728934288025, 0.5514420866966248, 0.05186634138226509]","[0.13156171143054962, 0.6310663819313049, -0.2530951499938965]","[0.17149224877357483, 0.5461477041244507, 0.06493036448955536]","[0.13207265734672546, 0.6228718161582947, -0.22254042327404022]","[0.1575614959001541, 0.5923630595207214, 0.07164876163005829]","[0.12815596163272858, 0.5999547839164734, -0.07178805768489838]","[0.18603946268558502, 0.7045899629592896, 0.14697858691215515]","[0.13940182328224182, 0.7231497168540955, -0.039751701056957245]","[0.16086259484291077, 0.7899524569511414, 0.30414170026779175]","[0.14965592324733734, 0.8309707641601562, 0.07509968429803848]","[0.15164658427238464, 0.801767885684967, 0.31656312942504883]","[0.14261864125728607, 0.8486536741256714, 0.08261924982070923]","[0.19222111999988556, 0.8297421932220459, 0.26837143301963806]","[0.18785524368286133, 0.8615942001342773, -0.010870886966586113]"
46.0,"[0.13931125402450562, 0.379680335521698, -0.2809079587459564]","[0.13742029666900635, 0.3667581379413605, -0.2657932639122009]","[0.13914702832698822, 0.36617937684059143, -0.2657843232154846]","[0.14077451825141907, 0.36548715829849243, -0.2657824754714966]","[0.12941068410873413, 0.3688901960849762, -0.28220367431640625]","[0.12557247281074524, 0.3701830506324768, -0.2822853624820709]","[0.12171228229999542, 0.3716578185558319, -0.2823326587677002]","[0.1353105753660202, 0.3684490919113159, -0.15965914726257324]","[0.11294396966695786, 0.37785351276397705, -0.23638804256916046]","[0.14236944913864136, 0.391436368227005, -0.2434392273426056]","[0.13304242491722107, 0.39486417174339294, -0.27203503251075745]","[0.14941492676734924, 0.4128193259239197, -0.02449766919016838]","[0.09755776822566986, 0.4542783200740814, -0.23447063565254211]","[0.16090163588523865, 0.4803190231323242, 0.08161313831806183]","[0.10429827868938446, 0.5479304790496826, -0.22286608815193176]","[0.16585156321525574, 0.5416623950004578, 0.0733407586812973]","[0.12169642746448517, 0.6109364628791809, -0.20749914646148682]","[0.17736756801605225, 0.555980920791626, 0.07198808342218399]","[0.12461942434310913, 0.6349064111709595, -0.2243410050868988]","[0.17542509734630585, 0.5550084710121155, 0.05454639345407486]","[0.13388864696025848, 0.632206380367279, -0.23771879076957703]","[0.1716805249452591, 0.5497291684150696, 0.06544642150402069]","[0.13439488410949707, 0.6233646869659424, -0.210165336728096]","[0.1589568853378296, 0.5923096537590027, 0.06987529993057251]","[0.12878762185573578, 0.5996579527854919, -0.07001740485429764]","[0.18395349383354187, 0.7049095034599304, 0.14366278052330017]","[0.1391749083995819, 0.7197469472885132, -0.04240003973245621]","[0.1661871373653412, 0.800239622592926, 0.2697901129722595]","[0.14872002601623535, 0.8308866024017334, 0.06989847123622894]","[0.15780846774578094, 0.8161051869392395, 0.2792205214500427]","[0.14254900813102722, 0.8481952548027039, 0.07696707546710968]","[0.200408935546875, 0.8331101536750793, 0.22701974213123322]","[0.18541140854358673, 0.8611656427383423, -0.015445503406226635]"
