Frame,Centre,nose,left eye(inner),left eye,left eye(outer),right eye(inner),right eye,right eye(outer),left ear,right ear,mouth(left),mouth(right),left shoulder,right shoulder,left elbow,right elbow,left wrist,right wrist,left pinky,right pinky,left index,right index,left thumb,right thumb,left hip,right hip,left knee,right knee,left ankle,right ankle,left heel,right heel,left foot index,right foot index
37.0,0.8017827228263572/0.4286472444181089/-0.031561219271410396,0.8097042441368103/0.26394736766815186/-0.2597566843032837,0.8150815367698669/0.2538081407546997/-0.2573350667953491,0.8178651332855225/0.25421372056007385/-0.25733476877212524,0.8206546902656555/0.2547003924846649/-0.25738394260406494,0.807628333568573/0.2519444227218628/-0.2557342052459717,0.8047733902931213/0.25104597210884094/-0.25573286414146423,0.8019427061080933/0.25014495849609375/-0.2557358741760254,0.8132275342941284/0.26113760471343994/-0.1965230256319046,0.7993204593658447/0.2609981894493103/-0.19275712966918945,0.807205319404602/0.2768740653991699/-0.23212863504886627,0.8028196096420288/0.27138540148735046/-0.23113341629505157,0.8269888758659363/0.29538074135780334/-0.15620701014995575,0.7786891460418701/0.2930586040019989/-0.10646319389343262,0.8414546251296997/0.3679918050765991/-0.13936837017536163,0.7666836380958557/0.3175883889198303/-0.046751510351896286,0.8719608783721924/0.4451602101325989/-0.20065058767795563,0.7662139534950256/0.2915797531604767/-0.03158978372812271,0.8768013715744019/0.46139004826545715/-0.21895620226860046,0.7683449387550354/0.2873070538043976/-0.03514843061566353,0.8759593367576599/0.46548590064048767/-0.2361205369234085,0.7628840804100037/0.2807645797729492/-0.05069059133529663,0.8731851577758789/0.45989230275154114/-0.20949959754943848,0.7616560459136963/0.28426674008369446/-0.038345109671354294,0.8063309192657471/0.45271554589271545/-0.013870283029973507,0.7909168601036072/0.4500228762626648/0.013736318796873093,0.7929073572158813/0.553127646446228/0.08514672517776489,0.7860284447669983/0.5491319298744202/0.14193585515022278,0.776187002658844/0.6532440185546875/0.22405627369880676,0.7773609161376953/0.6473550796508789/0.3005715310573578,0.7708708643913269/0.6688199639320374/0.2361566424369812,0.7718090415000916/0.663876473903656/0.31520146131515503,0.7861595153808594/0.6793084740638733/0.17136916518211365,0.7864633798599243/0.671664834022522/0.2556332051753998
38.0,0.801281127664778/0.4360758231745826/-0.03346810329498516,0.8101422786712646/0.2639569342136383/-0.15739518404006958,0.8150725960731506/0.25781741738319397/-0.14560623466968536,0.817834198474884/0.2584940791130066/-0.14566761255264282,0.8202992081642151/0.25861918926239014/-0.14571446180343628,0.8091222643852234/0.25599074363708496/-0.15030406415462494,0.8065196871757507/0.25540435314178467/-0.15030473470687866,0.8048791289329529/0.2544037699699402/-0.15035380423069,0.8190852999687195/0.26404473185539246/-0.06791870296001434,0.800894021987915/0.2623346447944641/-0.09194746613502502,0.8115314245223999/0.275739461183548/-0.12723815441131592,0.806529700756073/0.27139806747436523/-0.13432073593139648,0.8311499357223511/0.3095775544643402/-0.02150472067296505,0.778863251209259/0.3048979341983795/-0.06156526505947113,0.8450859785079956/0.376094788312912/-0.006374828051775694,0.7663917541503906/0.330265074968338/-0.10046226531267166,0.8721259832382202/0.44610628485679626/-0.07577060163021088,0.7590523362159729/0.3222837746143341/-0.20246312022209167,0.8772248029708862/0.46140480041503906/-0.09098704904317856,0.7539957761764526/0.323994904756546/-0.2270479053258896,0.8768582344055176/0.46539366245269775/-0.11296860873699188,0.7546656131744385/0.3200526535511017/-0.23916839063167572,0.8742803931236267/0.46016597747802734/-0.08673404902219772,0.756413459777832/0.32082968950271606/-0.21175089478492737,0.8063859343528748/0.45796075463294983/0.019939815625548363,0.7831451296806335/0.45569100975990295/-0.020010527223348618,0.794812023639679/0.556043803691864/0.08995168656110764,0.7859973907470703/0.5549905300140381/0.022922689095139503,0.7762682437896729/0.6497787833213806/0.22375822067260742,0.7767472863197327/0.646832287311554/0.1491953432559967,0.7686758041381836/0.6639538407325745/0.2344112992286682,0.7685573101043701/0.6623808145523071/0.15829473733901978,0.7931689023971558/0.6762100458145142/0.1616136133670807,0.7865421772003174/0.6716644167900085/0.07190227508544922
39.0,0.7966063110916702/0.45462303470682214/-0.02581887761199916,0.8102754354476929/0.2649226486682892/-0.17313584685325623,0.8147165775299072/0.2625420391559601/-0.16107995808124542,0.817031979560852/0.2628382742404938/-0.16114573180675507,0.819145679473877/0.262722373008728/-0.16118411719799042,0.8091027140617371/0.26193103194236755/-0.16787412762641907,0.806612491607666/0.2617977261543274/-0.16787678003311157,0.8051242232322693/0.2611248791217804/-0.16794665157794952,0.8199041485786438/0.266335129737854/-0.08116310089826584,0.8012837171554565/0.2665586769580841/-0.11238914728164673,0.8128905296325684/0.27574974298477173/-0.1417514532804489,0.8073416948318481/0.2733105421066284/-0.15076647698879242,0.8338662981987/0.3163776397705078/-0.02127660997211933,0.7776272296905518/0.31161874532699585/-0.07720940560102463,0.8458185195922852/0.3796257972717285/0.014970943331718445,0.756916344165802/0.3605366051197052/-0.10813732445240021,0.8705471158027649/0.4487901031970978/-0.05073786899447441,0.734373152256012/0.41940364241600037/-0.1891881674528122,0.8760579824447632/0.4648797810077667/-0.06650560349225998,0.7275629639625549/0.43123766779899597/-0.21662744879722595,0.8755673170089722/0.4686894714832306/-0.09094327688217163,0.7283334136009216/0.43286269903182983/-0.2376144379377365,0.8730385899543762/0.4640897214412689/-0.06320755183696747,0.7334365844726562/0.43270576000213623/-0.2011006623506546,0.8063706755638123/0.46182575821876526/0.02444344386458397,0.7773269414901733/0.4579448699951172/-0.02449709363281727,0.7948349714279175/0.5578241944313049/0.09783174842596054,0.784028947353363/0.5563470125198364/0.032857298851013184,0.7762193083763123/0.648359477519989/0.2367752492427826,0.7735291123390198/0.6467911601066589/0.18221424520015717,0.7674033641815186/0.6617293953895569/0.2473023682832718,0.7644117474555969/0.6617901921272278/0.1934642195701599,0.7970849871635437/0.6738498210906982/0.17315444350242615,0.7823193073272705/0.6706656813621521/0.10612782090902328
40.0,0.7967297964625888/0.4574082284061997/-0.02543268609723007,0.810808002948761/0.26716136932373047/-0.1579853743314743,0.8147314190864563/0.26337215304374695/-0.14645183086395264,0.8170381188392639/0.26366713643074036/-0.1465117484331131,0.8191670179367065/0.2635669410228729/-0.1465427726507187,0.8090966939926147/0.26305505633354187/-0.15684370696544647,0.8068764805793762/0.26314669847488403/-0.156858429312706,0.805569052696228/0.2626863121986389/-0.1569490134716034,0.821302056312561/0.26777589321136475/-0.06980490684509277,0.8022580742835999/0.2686353623867035/-0.11622650921344757,0.8147692680358887/0.2767258882522583/-0.12722355127334595,0.811538815498352/0.27590739727020264/-0.14082859456539154,0.8355847597122192/0.3228159546852112/-0.0023782909847795963,0.7781907320022583/0.31567832827568054/-0.1006096750497818,0.8468487858772278/0.38668492436408997/0.03862851858139038,0.756731390953064/0.3696347773075104/-0.13642577826976776,0.8672348260879517/0.4529308080673218/-0.02655259147286415,0.7339476943016052/0.42868682742118835/-0.2169363647699356,0.8729561567306519/0.4707058072090149/-0.04116934537887573,0.7268812656402588/0.44032108783721924/-0.24684880673885345,0.871610701084137/0.47389882802963257/-0.06613270193338394,0.7308019995689392/0.442292720079422/-0.26611974835395813,0.8692291975021362/0.4689248502254486/-0.039200589060783386,0.7328920364379883/0.43920791149139404/-0.227807879447937,0.8063863515853882/0.46214374899864197/0.03644389286637306,0.778978168964386/0.4591417610645294/-0.036510586738586426,0.7948006391525269/0.5575647950172424/0.10742007941007614,0.7836055755615234/0.5558546781539917/0.0273997001349926,0.7761720418930054/0.6438377499580383/0.24151065945625305,0.7726050615310669/0.6465868353843689/0.16991029679775238,0.7661554217338562/0.6574351787567139/0.2518053650856018,0.7633517384529114/0.6616268754005432/0.180180162191391,0.7984620332717896/0.6683312058448792/0.18325771391391754,0.7876017093658447/0.6695106029510498/0.09552238136529922
41.0,0.79446338724207/0.45479612328388075/-0.025279099514052546,0.8198784589767456/0.26101234555244446/-0.15881413221359253,0.8172805905342102/0.2607947289943695/-0.14684230089187622,0.8189716935157776/0.2613498270511627/-0.14690114557743073,0.8213557600975037/0.26133376359939575/-0.14693692326545715,0.813225269317627/0.2603563666343689/-0.15843817591667175,0.8109989762306213/0.26052534580230713/-0.15845714509487152,0.8100655674934387/0.26010364294052124/-0.1585504710674286,0.8227584362030029/0.26756757497787476/-0.06923941522836685,0.8056238889694214/0.2667037844657898/-0.12192162871360779,0.8186895847320557/0.2742246389389038/-0.12790367007255554,0.813763439655304/0.2736959159374237/-0.14325445890426636,0.8363950848579407/0.32235273718833923/-0.0018508130451664329,0.7780942320823669/0.3122286796569824/-0.1124921515583992,0.8467218279838562/0.3861762285232544/0.04158220440149307,0.7528035640716553/0.35879647731781006/-0.1481623500585556,0.8619328141212463/0.4523712396621704/-0.017784735187888145,0.7287895083427429/0.4235862195491791/-0.2351435273885727,0.867402970790863/0.4723048508167267/-0.031402189284563065,0.7127079963684082/0.42804116010665894/-0.2663358151912689,0.8661878108978271/0.47528573870658875/-0.05624307319521904,0.7235835790634155/0.4376918375492096/-0.28486260771751404,0.8635159134864807/0.46915900707244873/-0.03019925393164158,0.7280344367027283/0.4332204759120941/-0.2459038496017456,0.8056557774543762/0.4615119993686676/0.03933342918753624,0.7754706144332886/0.45909303426742554/-0.03939150646328926,0.7940263152122498/0.5568421483039856/0.11214674264192581,0.7789561748504639/0.5551737546920776/0.02011021040380001,0.7757580280303955/0.6423572301864624/0.2566988170146942,0.7684339284896851/0.6430101990699768/0.17686118185520172,0.7651650309562683/0.6564598083496094/0.2678714394569397,0.7602485418319702/0.6583534479141235/0.1884896159172058,0.7988174557685852/0.667458176612854/0.20193849503993988,0.7810960412025452/0.6648166179656982/0.1033373549580574
42.0,0.7926375181586655/0.4550242092874315/-0.0275737515443729,0.8217957019805908/0.26121169328689575/-0.178885355591774,0.8196834325790405/0.25962308049201965/-0.1638239622116089,0.8224252462387085/0.2604772448539734/-0.1637621521949768,0.8242872953414917/0.2604711055755615/-0.16384510695934296,0.8144973516464233/0.2588755190372467/-0.1813047081232071,0.8130514621734619/0.2592722475528717/-0.18135350942611694,0.8122237920761108/0.2590194642543793/-0.18155939877033234,0.8249202966690063/0.26751863956451416/-0.09821861237287521,0.8065930604934692/0.26530683040618896/-0.14245563745498657,0.819686770439148/0.2737506926059723/-0.14664313197135925,0.8138272166252136/0.27316343784332275/-0.16592393815517426,0.8356717228889465/0.3216417133808136/-0.021786237135529518,0.7754294276237488/0.3110648989677429/-0.1268700808286667,0.844876766204834/0.38572433590888977/0.03270473703742027,0.7521507740020752/0.3625533878803253/-0.1285770982503891,0.8527918457984924/0.45009055733680725/-0.024549901485443115,0.7283099293708801/0.4250321686267853/-0.1857147514820099,0.858478307723999/0.4713967740535736/-0.03688986226916313,0.714597225189209/0.43708357214927673/-0.211247056722641,0.8571940660476685/0.47469013929367065/-0.06171946972608566,0.7196626663208008/0.44089630246162415/-0.23221434652805328,0.8530948758125305/0.4683976471424103/-0.03692074492573738,0.727439820766449/0.4385572373867035/-0.19622930884361267,0.8045908212661743/0.46142566204071045/0.03575468063354492,0.7727999687194824/0.4576282203197479/-0.035778824239969254,0.7935678958892822/0.5559346079826355/0.10782621055841446,0.7744252681732178/0.5542824268341064/0.006752204615622759,0.7753497362136841/0.6408994793891907/0.25585368275642395,0.7686021327972412/0.6427891850471497/0.15688084065914154,0.7650682330131531/0.6552107334136963/0.26326197385787964,0.761410653591156/0.6580807566642761/0.16754405200481415,0.7976254224777222/0.6662079095840454/0.18459483981132507,0.781252384185791/0.6651146411895752/0.07495984435081482
43.0,0.790070911248525/0.44869368826901473/-0.055480518016136356,0.8178296089172363/0.2595006823539734/-0.2150166779756546,0.8190323114395142/0.2574048638343811/-0.19764593243598938,0.8211081027984619/0.25816765427589417/-0.19769808650016785,0.8242274522781372/0.2584995627403259/-0.19775189459323883,0.8130936622619629/0.2563142478466034/-0.20784588158130646,0.8123831152915955/0.2567560076713562/-0.20788708329200745,0.808723509311676/0.25588342547416687/-0.2080184817314148,0.8239694237709045/0.2637907564640045/-0.10772363096475601,0.8051354289054871/0.25986215472221375/-0.14330434799194336,0.8187257647514343/0.2713024914264679/-0.17459489405155182,0.810789167881012/0.27081024646759033/-0.18742816150188446,0.8353061079978943/0.3203248083591461/-0.026105109602212906,0.7715097069740295/0.31162577867507935/-0.11845362931489944,0.8395886421203613/0.3845142424106598/0.02413959801197052,0.7525222301483154/0.35827910900115967/-0.13719575107097626,0.843082070350647/0.44463348388671875/-0.03392341732978821,0.7300194501876831/0.4111269414424896/-0.24869975447654724,0.8473653793334961/0.46502259373664856/-0.04612712189555168,0.7142724990844727/0.40643998980522156/-0.27946341037750244,0.8454995155334473/0.4657739996910095/-0.06912071257829666,0.7181537747383118/0.4076472520828247/-0.2980998456478119,0.8431997299194336/0.4597734212875366/-0.045039102435112,0.7245327830314636/0.4058688282966614/-0.25968196988105774,0.8042815923690796/0.4602337181568146/0.03315109759569168,0.7716611623764038/0.4552774131298065/-0.033206548541784286,0.7921741008758545/0.5544573068618774/0.09562084078788757,0.7730972170829773/0.5535019040107727/-0.031183425337076187,0.775022566318512/0.6394398212432861/0.22311116755008698,0.76911461353302/0.642220139503479/0.09432964026927948,0.7651611566543579/0.6542953848838806/0.23078858852386475,0.7621368765830994/0.6580496430397034/0.10232647508382797,0.7969900965690613/0.6658255457878113/0.15059387683868408,0.780773937702179/0.6651319265365601/0.0023322398774325848
44.0,0.7899341362494009/0.4396455619070265/-0.06928396804465188,0.8135122060775757/0.2644364535808563/-0.21333090960979462,0.8148841857910156/0.2601732909679413/-0.19448383152484894,0.8167840838432312/0.26075997948646545/-0.1945580691099167,0.8205559849739075/0.26122528314590454/-0.19461192190647125,0.809093713760376/0.2588921785354614/-0.2010209858417511,0.8065675497055054/0.2587340772151947/-0.2010650932788849,0.8047396540641785/0.25813719630241394/-0.20119619369506836,0.8236969709396362/0.2653580904006958/-0.09683237969875336,0.8029506206512451/0.26111847162246704/-0.12065747380256653,0.8175365924835205/0.27519363164901733/-0.17047330737113953,0.8072662949562073/0.27431467175483704/-0.1789260357618332,0.8343487977981567/0.32053518295288086/-0.01941867358982563,0.7711870670318604/0.3122253119945526/-0.07509277015924454,0.8355022072792053/0.38363751769065857/0.014308100566267967,0.7533081769943237/0.3546644151210785/-0.12121636420488358,0.8341836929321289/0.44119638204574585/-0.04860617220401764,0.7392575144767761/0.35156574845314026/-0.23147663474082947,0.8355352878570557/0.4594002366065979/-0.06215788796544075,0.730483889579773/0.3536577522754669/-0.25863519310951233,0.8365426659584045/0.46080008149147034/-0.08222988992929459,0.7342143654823303/0.3499491810798645/-0.27339163422584534,0.8327308297157288/0.4539533853530884/-0.058361951261758804,0.7388473153114319/0.3496529459953308/-0.24098943173885345,0.8036558628082275/0.460149347782135/0.02861424721777439,0.7724261283874512/0.4549660086631775/-0.028726212680339813,0.7914592623710632/0.5531274080276489/0.0494743175804615,0.7724645733833313/0.5523996353149414/-0.06740278750658035,0.7739254236221313/0.6368483304977417/0.15390083193778992,0.7694997191429138/0.6422141194343567/0.03120957501232624,0.7643854022026062/0.6518428325653076/0.159649059176445,0.7633130550384521/0.6581905484199524/0.03575995936989784,0.795099139213562/0.6638694405555725/0.07374639064073563,0.7808886170387268/0.6651630401611328/-0.06940390914678574
45.0,0.7878718045022752/0.42504291512348036/-0.08024421684374963,0.8087194561958313/0.2636704742908478/-0.21470129489898682,0.8096818327903748/0.26014912128448486/-0.1976989209651947,0.8141239285469055/0.26056191325187683/-0.19778892397880554,0.8165743350982666/0.26105281710624695/-0.19786252081394196,0.8029871582984924/0.25882256031036377/-0.20195123553276062,0.8019399642944336/0.25851190090179443/-0.2020033597946167,0.7970229387283325/0.25809192657470703/-0.202141672372818,0.8236088752746582/0.2651480734348297/-0.10233525186777115,0.7958707213401794/0.25737518072128296/-0.11956410109996796,0.8142905831336975/0.2740379869937897/-0.17321071028709412,0.803347110748291/0.2736629247665405/-0.1792043149471283,0.8339270353317261/0.3193840980529785/-0.02860170230269432,0.7708530426025391/0.3121209442615509/-0.06970255076885223,0.8341197371482849/0.38060781359672546/0.001725273672491312,0.7518201470375061/0.3191531002521515/-0.12402700632810593,0.8314579129219055/0.42473649978637695/-0.053271662443876266,0.7362707257270813/0.28652411699295044/-0.2814593017101288,0.8296422362327576/0.45124128460884094/-0.06599471718072891,0.7286031246185303/0.27900582551956177/-0.3131434917449951,0.829983115196228/0.4463709890842438/-0.08419973403215408,0.7308521866798401/0.27537062764167786/-0.3258092701435089,0.8280776739120483/0.43516549468040466/-0.06203383579850197,0.7351980209350586/0.27905410528182983/-0.29171502590179443,0.803604245185852/0.45906534790992737/0.023778319358825684,0.7727612257003784/0.4534621238708496/-0.02381245233118534,0.7908530235290527/0.5524528622627258/0.028433581814169884,0.7724537253379822/0.5506895780563354/-0.06789000332355499,0.773452877998352/0.6363810300827026/0.13549652695655823,0.7697942852973938/0.642116904258728/0.039781603962183,0.763933539390564/0.6523581147193909/0.14159344136714935,0.7634280323982239/0.6582822203636169/0.04545522481203079,0.794887900352478/0.663988471031189/0.055373415350914,0.7807281613349915/0.6647325158119202/-0.05755481496453285
46.0,0.7859491794197647/0.436302469836341/-0.0654122859791473,0.8030011653900146/0.2587931752204895/-0.22794759273529053,0.8078877925872803/0.25565966963768005/-0.21323199570178986,0.8103834390640259/0.255977988243103/-0.2133183628320694,0.8147337436676025/0.2568735182285309/-0.21337343752384186,0.801079273223877/0.25456392765045166/-0.21512754261493683,0.8001859188079834/0.25472673773765564/-0.21517348289489746,0.7956054210662842/0.25380265712738037/-0.21531078219413757,0.8199719190597534/0.2624002695083618/-0.11800795793533325,0.7948240041732788/0.25728553533554077/-0.12720806896686554,0.8101567029953003/0.2691865861415863/-0.1907244175672531,0.8013370633125305/0.26937630772590637/-0.19332320988178253,0.8339009881019592/0.3188686966896057/-0.03530096635222435,0.7667268514633179/0.3113473057746887/-0.07784883677959442,0.8341512680053711/0.3766857981681824/-0.003125123679637909,0.749725341796875/0.34607604146003723/-0.0815068930387497,0.8302128314971924/0.42244604229927063/-0.06133611872792244,0.7310991883277893/0.35442259907722473/-0.20622816681861877,0.828680157661438/0.45016971230506897/-0.07410266250371933,0.7231284976005554/0.3617175221443176/-0.2355869859457016,0.8284628391265869/0.44471603631973267/-0.0952061265707016,0.7252346873283386/0.3560431897640228/-0.26407963037490845,0.8267608880996704/0.4387485384941101/-0.07141710072755814,0.7300764918327332/0.354105681180954/-0.22025233507156372,0.803617000579834/0.45892441272735596/0.021265126764774323,0.7712509036064148/0.4521849751472473/-0.021247699856758118,0.7909131050109863/0.552288830280304/0.05164214223623276,0.7715731859207153/0.550192654132843/-0.06166467443108559,0.7732841372489929/0.6355473399162292/0.17394301295280457,0.7699917554855347/0.6416148543357849/0.055042143911123276,0.7636616826057434/0.6517238020896912/0.18182016909122467,0.7634901404380798/0.6583324074745178/0.06173665076494217,0.7948259711265564/0.6630306839942932/0.0981525108218193,0.7805690765380859/0.6639376878738403/-0.043618910014629364
47.0,0.7851546384670116/0.44803722478725294/-0.05844831908190692,0.80050128698349/0.25513842701911926/-0.2628456652164459,0.8063098192214966/0.25192612409591675/-0.2503448724746704,0.8082000017166138/0.2523064911365509/-0.2504121959209442,0.8134233355522156/0.25356829166412354/-0.25045478343963623,0.7989547252655029/0.25085318088531494/-0.2515828311443329,0.7952010035514832/0.25062528252601624/-0.2516182065010071,0.7932652235031128/0.25028300285339355/-0.2517407536506653,0.8172140717506409/0.2581828236579895/-0.16156326234340668,0.7897059917449951/0.2557629346847534/-0.16538900136947632,0.8077434301376343/0.2657398283481598/-0.22777123749256134,0.7994871735572815/0.266099750995636/-0.22914211452007294,0.832647442817688/0.3187326192855835/-0.07986479997634888,0.7651733160018921/0.3108491599559784/-0.10940095037221909,0.8322141766548157/0.3755890130996704/-0.022283073514699936,0.750305712223053/0.3648962378501892/-0.06835072487592697,0.8273985981941223/0.42695796489715576/-0.06483739614486694,0.7332679033279419/0.42369207739830017/-0.11556339263916016,0.8261190056800842/0.4520686864852905/-0.07671112567186356,0.7254120111465454/0.4371398985385895/-0.13253572583198547,0.8260071277618408/0.4488781988620758/-0.09725160151720047,0.7273930311203003/0.43893328309059143/-0.1578247845172882,0.8254547715187073/0.4427087903022766/-0.0745670348405838,0.7312678098678589/0.4348453879356384/-0.12679199874401093,0.8034681081771851/0.4573262631893158/0.021047670394182205,0.770713210105896/0.45009899139404297/-0.021024474874138832,0.790895938873291/0.5517470836639404/0.055184099823236465,0.7717099785804749/0.5487996935844421/-0.04357605054974556,0.7732299566268921/0.6351956129074097/0.1741471141576767,0.7699921727180481/0.6409570574760437/0.07478947937488556,0.7634193897247314/0.6514448523521423/0.181375190615654,0.7630141973495483/0.6579668521881104/0.08175481110811234,0.7947744131088257/0.6632405519485474/0.09394460916519165,0.7806450128555298/0.6640130281448364/-0.02305317483842373
48.0,0.7844985944253428/0.44827433206416945/-0.05280149395198182,0.8008697628974915/0.24959462881088257/-0.24613644182682037,0.804872989654541/0.2497061789035797/-0.23367327451705933,0.8082528710365295/0.24253417551517487/-0.23374630510807037,0.812087893486023/0.242830291390419/-0.23379266262054443,0.7939454317092896/0.24801769852638245/-0.2356879711151123,0.7926665544509888/0.2483181655406952/-0.23571614921092987,0.791766345500946/0.24819965660572052/-0.23583799600601196,0.8155071139335632/0.256245493888855/-0.1473831981420517,0.7881701588630676/0.2548404633998871/-0.15615113079547882,0.8073297142982483/0.26108428835868835/-0.21216458082199097,0.7978674173355103/0.26158806681632996/-0.2145269513130188,0.8314186930656433/0.31816861033439636/-0.07055506110191345,0.7657840251922607/0.31058767437934875/-0.10674504935741425,0.8312262892723083/0.37520235776901245/-0.021021803840994835,0.7507631182670593/0.3691536784172058/-0.0700683742761612,0.8265679478645325/0.42738762497901917/-0.06556866317987442,0.7317954301834106/0.42893266677856445/-0.1235998123884201,0.8271247148513794/0.45312339067459106/-0.07737196981906891,0.7222471237182617/0.4431024193763733/-0.1433780938386917,0.8268319368362427/0.4507838189601898/-0.09833049774169922,0.7256727814674377/0.44327548146247864/-0.16767023503780365,0.823671281337738/0.4445755183696747/-0.07542624324560165,0.7308023571968079/0.43931862711906433/-0.1351015716791153,0.8029932379722595/0.45691412687301636/0.021829809993505478,0.7702126502990723/0.44976097345352173/-0.021835239604115486,0.7905046939849854/0.5517591238021851/0.05870748311281204,0.7713002562522888/0.5486108064651489/-0.03132781758904457,0.7731190323829651/0.6349964141845703/0.1765832006931305,0.7695720195770264/0.6394284963607788/0.09705058485269547,0.7630243897438049/0.6512146592140198/0.18623143434524536,0.7619175910949707/0.6566654443740845/0.10525286942720413,0.7947456240653992/0.6634653806686401/0.10921651870012283,0.7804226875305176/0.6636267304420471/0.0038504977710545063
49.0,0.7827945086691115/0.4490895083657018/-0.050310772084803494,0.7936875224113464/0.25012993812561035/-0.23162081837654114,0.7922782301902771/0.24814806878566742/-0.2305060625076294,0.7974535226821899/0.24508731067180634/-0.23062147200107574,0.8035861849784851/0.24140745401382446/-0.23063625395298004,0.7862060070037842/0.24761171638965607/-0.22042401134967804,0.785469114780426/0.24893538653850555/-0.22045277059078217,0.785060703754425/0.24865315854549408/-0.22060836851596832,0.806658923625946/0.25506800413131714/-0.14660139381885529,0.7855875492095947/0.2551784813404083/-0.14112690091133118,0.80055832862854/0.2612398564815521/-0.20602168142795563,0.7912766337394714/0.26270821690559387/-0.19971269369125366,0.828948974609375/0.3165283799171448/-0.07383674383163452,0.7652351260185242/0.31233373284339905/-0.10265526920557022,0.8289326429367065/0.375282883644104/-0.03039124608039856,0.7486171126365662/0.37304356694221497/-0.061281025409698486,0.8255426287651062/0.42753803730010986/-0.07951027154922485,0.7303565144538879/0.4306544363498688/-0.11585073173046112,0.8268521428108215/0.45669108629226685/-0.09308190643787384,0.72279292345047/0.4439452886581421/-0.13574530184268951,0.826452910900116/0.453670859336853/-0.11374034732580185,0.7250668406486511/0.44574275612831116/-0.1600949466228485,0.8234568238258362/0.446646124124527/-0.08927764743566513,0.73004549741745/0.44151434302330017/-0.12753236293792725,0.8023925423622131/0.4567916691303253/0.02177778258919716,0.7700924873352051/0.4498480260372162/-0.021787619218230247,0.7902843952178955/0.5519002676010132/0.06132540479302406,0.7716454267501831/0.5486500263214111/-0.02516561932861805,0.7731313109397888/0.6353158950805664/0.18092098832130432,0.7692393660545349/0.6394925713539124/0.10443080216646194,0.7629696726799011/0.6515804529190063/0.18798035383224487,0.760650098323822/0.65666264295578/0.11287497729063034,0.7949962019920349/0.6637098789215088/0.11419763416051865,0.7799811363220215/0.6635493040084839/0.013135737739503384
50.0,0.7835280829005771/0.4494623221732952/-0.0423493149423006,0.7944750785827637/0.25467225909233093/-0.2283429503440857,0.7947222590446472/0.2492551952600479/-0.22883209586143494,0.7990955710411072/0.2482357919216156/-0.22888384759426117,0.801820695400238/0.2463522106409073/-0.22877123951911926,0.7893602848052979/0.24953046441078186/-0.21834485232830048,0.7886365652084351/0.2504436671733856/-0.218387171626091,0.7878936529159546/0.25037670135498047/-0.21853050589561462,0.8075692057609558/0.25555217266082764/-0.14147569239139557,0.7876678109169006/0.2568954825401306/-0.14127519726753235,0.8001607060432434/0.2651282846927643/-0.20364230871200562,0.7931740880012512/0.26642748713493347/-0.19791074097156525,0.8289182782173157/0.3143453299999237/-0.07289791852235794,0.7656986713409424/0.31557515263557434/-0.10332756489515305,0.829923689365387/0.37457582354545593/-0.0008940460393205285,0.74909508228302/0.37353235483169556/-0.06687644869089127,0.8289812803268433/0.4299391210079193/-0.03524758294224739,0.7292491793632507/0.4306388199329376/-0.11185117065906525,0.8297955989837646/0.45344215631484985/-0.04345732554793358,0.7222278714179993/0.4421968162059784/-0.12991662323474884,0.8293810486793518/0.45326361060142517/-0.06520325690507889,0.7240428924560547/0.4444640874862671/-0.15306568145751953,0.8269978761672974/0.445558100938797/-0.044885922223329544,0.7287161946296692/0.44113585352897644/-0.12237628549337387,0.802444338798523/0.45676299929618835/0.023988759145140648,0.770560085773468/0.4498833417892456/-0.02404610440135002,0.7901878356933594/0.5519762635231018/0.0718718022108078,0.7719265818595886/0.5486758351325989/-0.030383652076125145,0.7731488347053528/0.6356189846992493/0.19065400958061218,0.7689749002456665/0.6395483016967773/0.0851765051484108,0.7630491852760315/0.6518318057060242/0.19768185913562775,0.7605580687522888/0.6567345261573792/0.0921744778752327,0.7958987951278687/0.6635230779647827/0.11973479390144348,0.7824350595474243/0.6635846495628357/-0.007637237664312124
51.0,0.7839258578088548/0.44982267640255114/-0.04515095310354674,0.7953803539276123/0.25754514336586/-0.23295512795448303,0.7969714403152466/0.25110313296318054/-0.2255932241678238,0.8014875054359436/0.250752717256546/-0.22563855350017548,0.8046100735664368/0.24718540906906128/-0.22561921179294586,0.7897557616233826/0.2513457238674164/-0.22625479102134705,0.7906047105789185/0.2519873082637787/-0.2262975424528122,0.7891530394554138/0.2514987587928772/-0.22641246020793915,0.8090415000915527/0.2557477653026581/-0.14342990517616272,0.7879575490951538/0.2582438886165619/-0.15950296819210052,0.8011966347694397/0.26776981353759766/-0.20280301570892334,0.7947777509689331/0.26868680119514465/-0.20561519265174866,0.8290114998817444/0.3140738308429718/-0.07174289971590042,0.7659960985183716/0.315420001745224/-0.12416541576385498,0.830645740032196/0.3745139539241791/0.01257932186126709,0.7494695782661438/0.37118276953697205/-0.09533993154764175,0.8300766348838806/0.4311493933200836/-0.01670931465923786,0.7288514375686646/0.42978817224502563/-0.13143636286258698,0.8307508230209351/0.4536433517932892/-0.022447675466537476,0.7220947742462158/0.4419911801815033/-0.15174904465675354,0.8308692574501038/0.45366472005844116/-0.04579664394259453,0.7235742807388306/0.4442148208618164/-0.17337127029895782,0.8284791707992554/0.44622960686683655/-0.026954224333167076,0.7278441190719604/0.4424079954624176/-0.14214864373207092,0.8024682402610779/0.4562302529811859/0.02815190888941288,0.7708989381790161/0.44979551434516907/-0.02825588919222355,0.790202796459198/0.5520554184913635/0.0760750025510788,0.771965503692627/0.5487657785415649/-0.0322837233543396,0.7733303904533386/0.635755181312561/0.19258563220500946,0.7684019804000854/0.6400193572044373/0.0810752660036087,0.7633770108222961/0.6518546938896179/0.19922536611557007,0.7601490616798401/0.6569420099258423/0.08790430426597595,0.79648357629776/0.6636011600494385/0.12156528979539871,0.7827034592628479/0.6639196872711182/-0.011530576273798943
52.0,0.7850459306328385/0.45000089208285016/-0.05045062653651392,0.7957570552825928/0.2587512731552124/-0.23786480724811554,0.7979955077171326/0.252167671918869/-0.22850771248340607,0.8027006387710571/0.2521756589412689/-0.22855502367019653,0.8063062429428101/0.251270055770874/-0.22856439650058746,0.7901501655578613/0.25220173597335815/-0.23123376071453094,0.791796863079071/0.25266051292419434/-0.23126980662345886,0.7902113795280457/0.25190043449401855/-0.23137661814689636,0.8098505139350891/0.25600650906562805/-0.14889706671237946,0.7885645627975464/0.2584519684314728/-0.1633775681257248,0.8020754456520081/0.26908546686172485/-0.2064831405878067,0.7956886887550354/0.26962965726852417/-0.2103031873703003,0.8287755250930786/0.3137109577655792/-0.06957445293664932,0.766355037689209/0.31492123007774353/-0.12461478263139725,0.830976128578186/0.3737877905368805/0.002820076886564493,0.7497251629829407/0.3700489401817322/-0.09660228341817856,0.8326112031936646/0.43126529455184937/-0.03678729385137558,0.7291580438613892/0.43075820803642273/-0.13753381371498108,0.8383908867835999/0.4539124369621277/-0.04557058587670326,0.7228305339813232/0.4420427978038788/-0.1573110818862915,0.8387385606765747/0.45412158966064453/-0.06830666214227676,0.7244433164596558/0.4442874789237976/-0.17922548949718475,0.8330419659614563/0.4467155337333679/-0.046978168189525604,0.7287247776985168/0.44238314032554626/-0.14799624681472778,0.8025047183036804/0.4555817246437073/0.02867908589541912,0.7708881497383118/0.4493764340877533/-0.02877616323530674,0.7901864647865295/0.5523703098297119/0.0757339596748352,0.7723532915115356/0.5491575598716736/-0.031109780073165894,0.7733477354049683/0.635817289352417/0.1903766691684723,0.7679519057273865/0.640403151512146/0.08326570689678192,0.7634454965591431/0.6521437764167786/0.1972881257534027,0.7596927881240845/0.657308042049408/0.09007346630096436,0.7966318726539612/0.6636420488357544/0.11636123806238174,0.7835302948951721/0.6643434762954712/-0.009452670812606812
53.0,0.7861453868724682/0.45017261306444806/-0.05396903304521133,0.7967434525489807/0.2592538595199585/-0.24289749562740326,0.7993826270103455/0.2535073459148407/-0.23427636921405792,0.80282062292099/0.2536945343017578/-0.2343284636735916,0.8048462271690369/0.2533213198184967/-0.23434995114803314,0.7916957139968872/0.25333747267723083/-0.2356942892074585,0.7922383546829224/0.2547227740287781/-0.23573049902915955,0.7908230423927307/0.25439387559890747/-0.2358405888080597,0.8098990321159363/0.25644248723983765/-0.1584995836019516,0.7893349528312683/0.2590884566307068/-0.1644638031721115,0.8020095825195312/0.2697603404521942/-0.21221773326396942,0.7960484027862549/0.27025604248046875/-0.21392755210399628,0.828400194644928/0.31353649497032166/-0.0762169137597084,0.7667350769042969/0.31458571553230286/-0.12255832552909851,0.8311945796012878/0.37300917506217957/-0.006761216092854738,0.7497076392173767/0.36939889192581177/-0.09479991346597672,0.8387138843536377/0.43212631344795227/-0.043824683874845505,0.7297744154930115/0.431362122297287/-0.1397784799337387,0.8433791399002075/0.4514203369617462/-0.05344919487833977,0.7242692112922668/0.44340187311172485/-0.1593688577413559,0.8436027765274048/0.45326119661331177/-0.0758741945028305,0.7258564829826355/0.4458734393119812/-0.18179504573345184,0.8403680324554443/0.4470440745353699/-0.05391593277454376,0.7300194501876831/0.44385701417922974/-0.15034541487693787,0.8025311231613159/0.45509421825408936/0.02796465903520584,0.7710285782814026/0.44921237230300903/-0.02805015631020069,0.789980411529541/0.5523859858512878/0.07423652708530426,0.7724348902702332/0.5491657853126526/-0.031722426414489746,0.7733556032180786/0.6358741521835327/0.18736767768859863,0.7672157883644104/0.6405259370803833/0.08280277252197266,0.7635592222213745/0.652620255947113/0.19411984086036682,0.7592074275016785/0.657488226890564/0.08941465616226196,0.7965695261955261/0.6639202237129211/0.10933981835842133,0.7839865684509277/0.6646955609321594/-0.01194292027503252
54.0,0.7841257386737399/0.4305971220687584/-0.10783295916324412,0.7959389686584473/0.2597506642341614/-0.25299569964408875,0.7976812720298767/0.2537301182746887/-0.23939114809036255,0.8017893433570862/0.25428643822669983/-0.23943361639976501,0.8052588701248169/0.253990113735199/-0.23947376012802124,0.7910962104797363/0.25516262650489807/-0.24487562477588654,0.7907593250274658/0.2559974491596222/-0.2449321299791336,0.789154589176178/0.25582942366600037/-0.2450278401374817,0.8093757033348083/0.25676000118255615/-0.150587260723114,0.7861291170120239/0.25914543867111206/-0.16643677651882172,0.8005271553993225/0.2702961564064026/-0.2138318419456482,0.794500470161438/0.2730731666088104/-0.22122962772846222,0.8272954821586609/0.3135029077529907/-0.042682405561208725,0.7645013332366943/0.31257617473602295/-0.12716397643089294,0.8314703106880188/0.372883141040802/0.013592737726867199,0.7405863404273987/0.33708637952804565/-0.21985021233558655,0.8419653177261353/0.43224668502807617/-0.03217311203479767,0.7193666696548462/0.32174956798553467/-0.4181809723377228,0.8480905294418335/0.4503682255744934/-0.04117794707417488,0.7102653980255127/0.3182283043861389/-0.45825886726379395,0.8462132215499878/0.4523278772830963/-0.06406524777412415,0.7135311961174011/0.31381240487098694/-0.4707178771495819,0.8434579968452454/0.44576719403266907/-0.04253251105546951,0.7179179787635803/0.31681326031684875/-0.4288233518600464,0.8016632199287415/0.4533817172050476/0.03375497832894325,0.7700948715209961/0.44753149151802063/-0.03388037532567978,0.7897814512252808/0.5522778630256653/0.05920571833848953,0.7727324962615967/0.5491779446601868/-0.05705295503139496,0.7733652591705322/0.6363734602928162/0.16135428845882416,0.7670111656188965/0.6407967209815979/0.037399109452962875,0.7635716199874878/0.6536034941673279/0.16664455831050873,0.7590761184692383/0.6578720211982727/0.041253816336393356,0.7966299057006836/0.6639982461929321/0.0814841017127037,0.7863356471061707/0.6647217869758606/-0.06453818827867508
55.0,0.785049992579001/0.41490208164409353/-0.10490761993073479,0.8013784289360046/0.2602536082267761/-0.24363282322883606,0.8027252554893494/0.25344744324684143/-0.223077192902565,0.8055199980735779/0.25371381640434265/-0.22310103476047516,0.807411253452301/0.25354453921318054/-0.22316303849220276,0.7957342267036438/0.2548806369304657/-0.23820288479328156,0.7938001155853271/0.25545012950897217/-0.23829767107963562,0.7915481328964233/0.25550633668899536/-0.23836864531040192,0.8096947073936462/0.2566743493080139/-0.11785830557346344,0.7870751619338989/0.25853869318962097/-0.16273261606693268,0.8050058484077454/0.2704107463359833/-0.19808723032474518,0.7975054979324341/0.2728826105594635/-0.21800069510936737,0.8267437219619751/0.31287306547164917/-0.01939484290778637,0.7654089331626892/0.3045026957988739/-0.13638466596603394,0.8316661715507507/0.37231674790382385/0.0419713519513607,0.7393249869346619/0.30076831579208374/-0.26586171984672546,0.8423314690589905/0.4288357198238373/0.021720482036471367,0.7220959067344666/0.2513177692890167/-0.4545131325721741,0.8473727703094482/0.4458436965942383/0.018984710797667503,0.7119222283363342/0.2199273705482483/-0.49656787514686584,0.8461949229240417/0.4475034475326538/-0.0014056067448109388,0.7163321375846863/0.2195311188697815/-0.5024593472480774,0.8438960909843445/0.44280537962913513/0.012546862475574017,0.7207787036895752/0.22232715785503387/-0.4630529582500458,0.801568865776062/0.44926223158836365/0.04017127677798271,0.7702574729919434/0.4440895617008209/-0.04034104570746422,0.7895185947418213/0.5518650412559509/0.04872259870171547,0.7727966904640198/0.5491950511932373/-0.05814697965979576,0.7733717560768127/0.6368173956871033/0.14258354902267456,0.7670244574546814/0.641319990158081/0.035798050463199615,0.7637947201728821/0.6549323201179504/0.14739961922168732,0.7592213153839111/0.6587537527084351/0.03959943354129791,0.7968534827232361/0.6640710830688477/0.06265685707330704,0.7872147560119629/0.6647372841835022/-0.06622068583965302
56.0,0.7856125544618677/0.41433561124183516/-0.08531467050865844,0.8013127446174622/0.260166734457016/-0.191677987575531,0.8024942278862/0.25324028730392456/-0.17568807303905487,0.8055329918861389/0.25371792912483215/-0.175709530711174,0.8072887063026428/0.2535616159439087/-0.175747811794281,0.7958623766899109/0.2548602223396301/-0.18702565133571625,0.7941881418228149/0.25541096925735474/-0.18708929419517517,0.7936190962791443/0.2556740939617157/-0.1871878057718277,0.8092025518417358/0.2570746839046478/-0.07928303629159927,0.7872979640960693/0.25887078046798706/-0.12801557779312134,0.8049511313438416/0.27040180563926697/-0.1532994657754898,0.7983489632606506/0.2720622718334198/-0.168334499001503,0.8255454897880554/0.3117789030075073/0.011426553130149841,0.7687697410583496/0.30265796184539795/-0.13120277225971222,0.8304532170295715/0.37211331725120544/0.07980500906705856,0.7413188219070435/0.3047259747982025/-0.24633008241653442,0.8364524841308594/0.4173068702220917/0.07376077026128769,0.734504222869873/0.2576625943183899/-0.41985082626342773,0.8385357856750488/0.43329519033432007/0.07277706265449524,0.7292904257774353/0.2436114102602005/-0.45877960324287415,0.8379005789756775/0.43041765689849854/0.05497242510318756,0.7230529189109802/0.22305189073085785/-0.4623408913612366,0.8357195258140564/0.42071136832237244/0.06605976819992065,0.7229546308517456/0.23130567371845245/-0.42647767066955566,0.8014364838600159/0.4490249454975128/0.041694849729537964,0.7725533843040466/0.4437961280345917/-0.041791629046201706,0.7882725596427917/0.5517779588699341/0.03441498428583145,0.774337649345398/0.5498981475830078/-0.05204537510871887,0.7732721567153931/0.6374081373214722/0.10501402616500854,0.7670919299125671/0.6425653696060181/0.02627999149262905,0.7638115882873535/0.6562629342079163/0.10725539922714233,0.7593255639076233/0.6602535843849182/0.02811991050839424,0.7972416877746582/0.6641130447387695/0.025550832971930504,0.7885847687721252/0.6647461652755737/-0.07119826972484589
57.0,0.7860108238679392/0.394652447214833/-0.04830898579072069,0.8088415265083313/0.26091790199279785/-0.15182292461395264,0.8050123453140259/0.25323960185050964/-0.13736191391944885,0.8065537214279175/0.2537037134170532/-0.13736732304096222,0.8074080348014832/0.2535626292228699/-0.13740386068820953,0.7992690801620483/0.2541501224040985/-0.1506711095571518,0.7985621094703674/0.2546655535697937/-0.15070831775665283,0.7980963587760925/0.25563564896583557/-0.15083038806915283,0.8093731999397278/0.2568805515766144/-0.047588277608156204,0.7897370457649231/0.25884580612182617/-0.10700705647468567,0.8058567047119141/0.270374596118927/-0.11590734124183655,0.8044487237930298/0.27225783467292786/-0.13353370130062103,0.8233708143234253/0.3067294955253601/0.04976503178477287,0.7749559879302979/0.30090370774269104/-0.11866459995508194,0.8298643827438354/0.3537622094154358/0.13711011409759521,0.7421207427978516/0.30240190029144287/-0.23364749550819397,0.8335774540901184/0.31558656692504883/0.17315739393234253,0.7364691495895386/0.24897556006908417/-0.3773847222328186,0.8310673236846924/0.3080635368824005/0.18392464518547058,0.730758011341095/0.23428195714950562/-0.40905600786209106,0.8308159112930298/0.29990437626838684/0.18255065381526947,0.7231868505477905/0.21607542037963867/-0.41300496459007263,0.8310006856918335/0.30272194743156433/0.17317532002925873,0.7242645025253296/0.22408805787563324/-0.3831217885017395,0.8002930879592896/0.44929569959640503/0.049714382737874985,0.7767835855484009/0.4441925287246704/-0.04981990158557892,0.7871425151824951/0.5516974925994873/0.04459571838378906,0.7767091393470764/0.5510582327842712/-0.03823019564151764,0.7730197906494141/0.6375793218612671/0.10801636427640915,0.7675856947898865/0.6426841020584106/0.036008644849061966,0.7637940049171448/0.656972348690033/0.1097467914223671,0.7597399950027466/0.6604337096214294/0.03794348984956741,0.7972822785377502/0.6641653180122375/0.037762414664030075,0.7902331352233887/0.6647658944129944/-0.04902460426092148
58.0,0.7890256577067905/0.39760980617117/-0.07568374900492253,0.808122992515564/0.26496878266334534/-0.1669856309890747,0.8052573204040527/0.2559289038181305/-0.1507743000984192,0.8066114783287048/0.2562516927719116/-0.15080782771110535,0.8075846433639526/0.25628694891929626/-0.15084156394004822,0.8000349402427673/0.2558494508266449/-0.16209089756011963,0.7994592785835266/0.25629115104675293/-0.16212312877178192,0.7977302074432373/0.25640398263931274/-0.16223031282424927,0.8095106482505798/0.2583678960800171/-0.05135065317153931,0.7898364663124084/0.261134535074234/-0.10261312872171402,0.8058568239212036/0.2746341824531555/-0.12793955206871033,0.8040722608566284/0.27493777871131897/-0.14296327531337738,0.8234803080558777/0.306856244802475/0.03663168102502823,0.7741146087646484/0.30153435468673706/-0.10383705794811249,0.829382598400116/0.35086700320243835/0.07673870772123337,0.7497457265853882/0.3082822561264038/-0.23114825785160065,0.8287208676338196/0.2943684756755829/0.022647259756922722,0.7502151131629944/0.2607366740703583/-0.375996857881546,0.8317003846168518/0.3064463436603546/0.010876455344259739,0.7468149662017822/0.24713394045829773/-0.4097781181335449,0.8304142951965332/0.29956164956092834/0.042211003601551056,0.7485769987106323/0.24411632120609283/-0.4106642007827759,0.8298643827438354/0.30244964361190796/0.028222283348441124,0.7505550384521484/0.250179648399353/-0.3805438280105591,0.8003049492835999/0.45027315616607666/0.0479440838098526,0.776308000087738/0.4470141530036926/-0.04799812659621239,0.7872714996337891/0.5518110990524292/0.03557074815034866,0.7766679525375366/0.5519692897796631/-0.05133657902479172,0.7730203866958618/0.6378920078277588/0.11418583244085312,0.767665684223175/0.6427274942398071/0.026441046968102455,0.7638134360313416/0.6576279997825623/0.1176934614777565,0.7598325610160828/0.6606046557426453/0.028689462691545486,0.7974767088890076/0.6642056703567505/0.03961997851729393,0.7903470993041992/0.6647635102272034/-0.06777796149253845
59.0,0.7988407369013186/0.40579484016806994/-0.0538370420259458,0.8155565857887268/0.27056029438972473/-0.1260560303926468,0.8131121397018433/0.2610991895198822/-0.11161497980356216,0.8138608336448669/0.26090261340141296/-0.1116526648402214,0.814405620098114/0.2607690989971161/-0.11167984455823898,0.8090980648994446/0.26162222027778625/-0.12817049026489258,0.8071593046188354/0.2617718577384949/-0.12818969786167145,0.805086076259613/0.2619074583053589/-0.12826524674892426,0.8095261454582214/0.2608290910720825/-0.027961719781160355,0.7953640818595886/0.2637835144996643/-0.1009233221411705,0.815000593662262/0.2793850600719452/-0.09262562543153763,0.8108914494514465/0.2801210284233093/-0.1141379252076149,0.8193860054016113/0.3070462644100189/0.05558397248387337,0.7828313708305359/0.3016001582145691/-0.120317243039608,0.8234463334083557/0.35144180059432983/0.12230196595191956,0.7780783176422119/0.3112078607082367/-0.2531694173812866,0.8291628956794739/0.33830171823501587/0.11379905045032501,0.7975082397460938/0.2569047510623932/-0.36315131187438965,0.8320705890655518/0.3592122197151184/0.11195753514766693,0.800392210483551/0.24313095211982727/-0.39686334133148193,0.830671489238739/0.3594270646572113/0.09764468669891357,0.8024033904075623/0.23988108336925507/-0.39429137110710144,0.8296478390693665/0.3575054109096527/0.10646636039018631,0.8018166422843933/0.24553252756595612/-0.36513346433639526,0.7994086742401123/0.4501233398914337/0.05587540566921234,0.7786858081817627/0.4476127624511719/-0.0559261217713356,0.7868507504463196/0.5516979098320007/0.04782457277178764,0.7767967581748962/0.5521563291549683/-0.03696683049201965,0.7723692655563354/0.6379461288452148/0.11431211978197098,0.7677565217018127/0.6430673003196716/0.028971083462238312,0.7633163928985596/0.6579411029815674/0.11606641113758087,0.7598794102668762/0.6608954071998596/0.030305080115795135,0.7971221804618835/0.6642201542854309/0.04748736694455147,0.7927599549293518/0.6649294495582581/-0.05467202141880989
60.0,0.8026504936041655/0.4286027661076299/-0.015168248796490607,0.8169660568237305/0.2692164480686188/-0.14953087270259857,0.8143702149391174/0.2604016065597534/-0.13662971556186676,0.8150020837783813/0.2602905333042145/-0.13666309416294098,0.8155266046524048/0.2601490020751953/-0.1366836428642273,0.8108780980110168/0.2607835829257965/-0.15546566247940063,0.8088775277137756/0.2609958350658417/-0.15549513697624207,0.8068799376487732/0.26110681891441345/-0.15558142960071564,0.8093677163124084/0.26085376739501953/-0.055124010890722275,0.796505331993103/0.2634662687778473/-0.1424933224916458,0.8171566724777222/0.27837422490119934/-0.11602414399385452,0.8128535747528076/0.27907073497772217/-0.1401703953742981,0.8130314946174622/0.3072036802768707/0.04911109805107117,0.7905105352401733/0.30669355392456055/-0.17173707485198975,0.8190260529518127/0.35564956068992615/0.1316518485546112,0.792406439781189/0.3638606667518616/-0.2108258455991745,0.8275823593139648/0.3625805079936981/0.12001638114452362,0.8186815977096558/0.36695432662963867/-0.1801692545413971,0.8300896286964417/0.37804922461509705/0.11606042832136154,0.8235933780670166/0.37394750118255615/-0.2019583284854889,0.8288947343826294/0.37485185265541077/0.0980006530880928,0.8258664011955261/0.36487627029418945/-0.20672699809074402,0.8282676339149475/0.3720596134662628/0.11064180731773376,0.823032557964325/0.36234620213508606/-0.180740088224411,0.7982234358787537/0.4502943456172943/0.06543681770563126,0.7815496325492859/0.44880393147468567/-0.0654347762465477,0.7863077521324158/0.5514923334121704/0.09187649935483932,0.7769788503646851/0.5521939992904663/-0.00775401433929801,0.7719434499740601/0.637986958026886/0.168074369430542,0.7681864500045776/0.6434568166732788/0.08379433304071426,0.762945830821991/0.6579320430755615/0.1716853231191635,0.7602376341819763/0.6611215472221375/0.0886666551232338,0.7968406081199646/0.6637839078903198/0.11119486391544342,0.7945175170898438/0.6651543974876404/0.012935330159962177
61.0,0.7957596271126358/0.397407387693723/-0.039867240521642894,0.8144946098327637/0.26207396388053894/-0.13383831083774567,0.8131133317947388/0.2530827820301056/-0.11878398060798645,0.8142138123512268/0.2527667284011841/-0.11878541857004166,0.8152478933334351/0.2526165843009949/-0.11880449950695038,0.8087431788444519/0.2540046274662018/-0.13336649537086487,0.8068751096725464/0.25425371527671814/-0.13340170681476593,0.8048919439315796/0.2545919716358185/-0.13349929451942444,0.8093364834785461/0.2592563033103943/-0.029729576781392097,0.796078085899353/0.2595386207103729/-0.09658320993185043,0.8158367276191711/0.27155229449272156/-0.09851119667291641,0.810550332069397/0.27267012000083923/-0.11787987500429153,0.8141462802886963/0.30549106001853943/0.059284936636686325,0.7853633761405945/0.30250436067581177/-0.13486416637897491,0.8327456712722778/0.3372417092323303/0.13400983810424805,0.7764421105384827/0.31312495470046997/-0.25273239612579346,0.8268506526947021/0.3078106641769409/0.17832189798355103,0.7831940054893494/0.262290894985199/-0.3474767208099365,0.8248552680015564/0.30330902338027954/0.18882814049720764,0.7823906540870667/0.24965634942054749/-0.3742923438549042,0.8222472667694092/0.2975972294807434/0.1892966628074646,0.7837962508201599/0.248458132147789/-0.36859747767448425,0.8229072093963623/0.299814909696579/0.17921896278858185,0.7846160531044006/0.25441697239875793/-0.347829669713974,0.8020160794258118/0.44812285900115967/0.06065598130226135,0.7804791927337646/0.44447940587997437/-0.060735370963811874,0.7867662906646729/0.5513929724693298/0.058859821408987045,0.7759943008422852/0.5498878359794617/-0.05308622121810913,0.771969199180603/0.6381297707557678/0.12258746474981308,0.7681355476379395/0.6426229476928711/0.01950904354453087,0.7631648182868958/0.6582662463188171/0.12554563581943512,0.7602590322494507/0.6609635949134827/0.02263791300356388,0.7972912788391113/0.6641649007797241/0.06126174330711365,0.7935831546783447/0.6651613712310791/-0.060277000069618225
62.0,0.7931361507486414/0.3878698337961126/-0.03863732662931499,0.8091239333152771/0.2517624497413635/-0.09620683640241623,0.810072124004364/0.24422045052051544/-0.08706836402416229,0.8115057945251465/0.24395279586315155/-0.08707629144191742,0.8127674460411072/0.24382679164409637/-0.08708688616752625,0.8050438761711121/0.24522438645362854/-0.09131014347076416,0.8028669953346252/0.2455589324235916/-0.09134504944086075,0.8009222149848938/0.24598942697048187/-0.09145321696996689,0.8084691762924194/0.2526640295982361/-0.022798703983426094,0.7957721948623657/0.25289517641067505/-0.04196244478225708,0.8129072785377502/0.2614959180355072/-0.07062573730945587,0.8062118291854858/0.2627028226852417/-0.07635951787233353,0.8152579069137573/0.2999502420425415/0.03606482967734337,0.7839806079864502/0.2977176606655121/-0.04937116801738739,0.8326634168624878/0.3219343423843384/0.01250226330012083,0.7758464217185974/0.3078215420246124/-0.11598595231771469,0.8174169659614563/0.27450984716415405/-0.01252619456499815,0.7796754240989685/0.25795894861221313/-0.15160587430000305,0.8132153749465942/0.2634786069393158/-0.01655472442507744,0.77910977602005/0.24513298273086548/-0.16500920057296753,0.8125063180923462/0.2610332667827606/-0.007948099635541439,0.778831422328949/0.24404245615005493/-0.1641228348016739,0.8126896619796753/0.2658032178878784/-0.010223966091871262,0.7797789573669434/0.24988123774528503/-0.15287944674491882,0.8035350441932678/0.4412315785884857/0.03750327602028847,0.7806180119514465/0.4360576272010803/-0.037622738629579544,0.7868306636810303/0.5499128699302673/0.010510503314435482,0.775897204875946/0.5455107092857361/-0.048442646861076355,0.7719873785972595/0.6382885575294495/0.06566498428583145,0.7682947516441345/0.6422392725944519/0.012434813193976879,0.7632706761360168/0.658241331577301/0.06799778342247009,0.7605420351028442/0.660880446434021/0.014613211154937744,0.7972045540809631/0.6641818881034851/0.0015676288167014718,0.793039083480835/0.6651564836502075/-0.06182102486491203
