0,1,2,3,4,5,6,7,8,9,10,11,12,13,14,15,16,17,18,19,20,21,22,23,24,25,26,27,28,29,30,31,32
"[0.2967755198478699, 0.37616148591041565, -0.31111177802085876]","[0.2924072742462158, 0.3647323548793793, -0.3048460781574249]","[0.2919100821018219, 0.36449679732322693, -0.3047899305820465]","[0.29145967960357666, 0.3643295466899872, -0.3047187626361847]","[0.29055336117744446, 0.3659018874168396, -0.3323943614959717]","[0.28856295347213745, 0.3665076196193695, -0.3325246572494507]","[0.28659307956695557, 0.3671707510948181, -0.33272695541381836]","[0.27992624044418335, 0.37000152468681335, -0.24292679131031036]","[0.2752785086631775, 0.37284019589424133, -0.3685155510902405]","[0.2949886918067932, 0.3875446319580078, -0.28259769082069397]","[0.2926996052265167, 0.387685090303421, -0.3191220462322235]","[0.2687077224254608, 0.3977152705192566, -0.12284819781780243]","[0.250705361366272, 0.45397892594337463, -0.37379419803619385]","[0.270710825920105, 0.4351676404476166, 0.03217897564172745]","[0.2537005543708801, 0.5473687648773193, -0.4086739122867584]","[0.2914259433746338, 0.4534122049808502, 0.12030285596847534]","[0.27438244223594666, 0.6273595690727234, -0.42056551575660706]","[0.2966642379760742, 0.454465389251709, 0.14223001897335052]","[0.2795613408088684, 0.6524609923362732, -0.44570884108543396]","[0.2997678220272064, 0.4561435878276825, 0.12390835583209991]","[0.2883419990539551, 0.6493847966194153, -0.4518652558326721]","[0.29811954498291016, 0.4568748474121094, 0.11493043601512909]","[0.28732675313949585, 0.6402266025543213, -0.4215157628059387]","[0.28717556595802307, 0.5436597466468811, 0.08795128017663956]","[0.2768382132053375, 0.5685599446296692, -0.08812418580055237]","[0.29293131828308105, 0.6615749001502991, 0.21034762263298035]","[0.28757649660110474, 0.6999298930168152, -0.04382782801985741]","[0.2711445391178131, 0.7473109364509583, 0.3620428144931793]","[0.2663176655769348, 0.7979734539985657, 0.042909108102321625]","[0.2614912986755371, 0.76121985912323, 0.37336209416389465]","[0.2478562593460083, 0.8097740411758423, 0.048397697508335114]","[0.2928752601146698, 0.7761592864990234, 0.3280353248119354]","[0.30133044719696045, 0.8383103609085083, -0.036606770008802414]"
"[0.2966664433479309, 0.3737763464450836, -0.16436144709587097]","[0.29264193773269653, 0.3638434410095215, -0.1438416838645935]","[0.29237809777259827, 0.3636671304702759, -0.14387336373329163]","[0.2921977937221527, 0.36352062225341797, -0.14385893940925598]","[0.29041868448257446, 0.36466166377067566, -0.17096298933029175]","[0.28832799196243286, 0.3650900721549988, -0.17098413407802582]","[0.28621336817741394, 0.36553096771240234, -0.17103347182273865]","[0.28020402789115906, 0.3688148856163025, -0.04143593832850456]","[0.2745503783226013, 0.37137386202812195, -0.1645737886428833]","[0.2949543595314026, 0.3846922516822815, -0.12408339977264404]","[0.2917562425136566, 0.3851991593837738, -0.15957573056221008]","[0.2818375527858734, 0.4337143898010254, 0.08001779019832611]","[0.253018319606781, 0.45088741183280945, -0.2106304168701172]","[0.2861926853656769, 0.5191134810447693, 0.11666153371334076]","[0.26176172494888306, 0.5415503978729248, -0.22836430370807648]","[0.3031368851661682, 0.5722283720970154, 0.05221187323331833]","[0.2929784059524536, 0.583990216255188, -0.2046118974685669]","[0.30971768498420715, 0.5886884927749634, 0.04218320921063423]","[0.3004416823387146, 0.5970450639724731, -0.22991415858268738]","[0.3113541305065155, 0.5843909978866577, 0.020284641534090042]","[0.3042483925819397, 0.5882836580276489, -0.23182758688926697]","[0.30803877115249634, 0.5789408087730408, 0.038877032697200775]","[0.30025002360343933, 0.5841569900512695, -0.20408587157726288]","[0.2905239462852478, 0.6039175391197205, 0.10029412806034088]","[0.28327909111976624, 0.6103171706199646, -0.10036857426166534]","[0.2886146008968353, 0.7160090804100037, 0.20230011641979218]","[0.285967618227005, 0.7281172871589661, -0.03944479301571846]","[0.2725721001625061, 0.8101447224617004, 0.32501375675201416]","[0.2662561535835266, 0.8331813216209412, 0.07014257460832596]","[0.2620883584022522, 0.826478123664856, 0.3327404856681824]","[0.24941937625408173, 0.8536579012870789, 0.07766861468553543]","[0.30483463406562805, 0.8385112285614014, 0.27962130308151245]","[0.302616685628891, 0.855506181716919, -0.004749513231217861]"
"[0.2965686023235321, 0.3719853162765503, -0.1593788117170334]","[0.2925102114677429, 0.3619966506958008, -0.14317560195922852]","[0.29226839542388916, 0.36158955097198486, -0.14321258664131165]","[0.29209643602371216, 0.36111974716186523, -0.14321161806583405]","[0.2902466058731079, 0.3627532124519348, -0.1705222874879837]","[0.28817546367645264, 0.3630162477493286, -0.17054679989814758]","[0.2860741913318634, 0.36328473687171936, -0.17058899998664856]","[0.28011220693588257, 0.3661127984523773, -0.05362892150878906]","[0.2742646336555481, 0.3696747422218323, -0.17732001841068268]","[0.29499202966690063, 0.3833100497722626, -0.12323838472366333]","[0.29176926612854004, 0.38414496183395386, -0.1589083969593048]","[0.28315767645835876, 0.43933480978012085, 0.053121961653232574]","[0.2545435130596161, 0.4506532847881317, -0.22506213188171387]","[0.29517704248428345, 0.5154971480369568, 0.09935133904218674]","[0.2716948390007019, 0.5379084348678589, -0.24162335693836212]","[0.31318268179893494, 0.5595664381980896, 0.035793907940387726]","[0.311867356300354, 0.5389107465744019, -0.19755452871322632]","[0.3192351758480072, 0.5736934542655945, 0.025980588048696518]","[0.3225432336330414, 0.5436221957206726, -0.22178559005260468]","[0.3205118775367737, 0.5665717720985413, 0.005992438644170761]","[0.32131490111351013, 0.5290586948394775, -0.22281837463378906]","[0.3174705505371094, 0.5620282888412476, 0.02319830097258091]","[0.31537187099456787, 0.5279504656791687, -0.1969268023967743]","[0.29235559701919556, 0.6068440079689026, 0.09791252017021179]","[0.28312867879867554, 0.6176916360855103, -0.09804043918848038]","[0.2889893651008606, 0.7146612405776978, 0.21417362987995148]","[0.28780630230903625, 0.7262524366378784, 0.006972560193389654]","[0.2765718102455139, 0.8094946146011353, 0.34782272577285767]","[0.2692682445049286, 0.8275296092033386, 0.16320183873176575]","[0.265746533870697, 0.827896773815155, 0.35663238167762756]","[0.25309884548187256, 0.8535688519477844, 0.1753702163696289]","[0.31329646706581116, 0.8337687849998474, 0.29889705777168274]","[0.3056214451789856, 0.8529836535453796, 0.09643789380788803]"
"[0.2984536290168762, 0.37059834599494934, -0.13001099228858948]","[0.2947643995285034, 0.3602195382118225, -0.11508031189441681]","[0.29444536566734314, 0.3598170280456543, -0.11512346565723419]","[0.29418498277664185, 0.3593277633190155, -0.11510679870843887]","[0.29254844784736633, 0.3608032166957855, -0.14461609721183777]","[0.29069197177886963, 0.3609744906425476, -0.1446300446987152]","[0.28887274861335754, 0.3611218333244324, -0.14468666911125183]","[0.28167322278022766, 0.3652009665966034, -0.03434663265943527]","[0.2762274146080017, 0.36844319105148315, -0.16877079010009766]","[0.2963453531265259, 0.38256359100341797, -0.09743908047676086]","[0.2931734621524811, 0.3832949995994568, -0.13620290160179138]","[0.2860521376132965, 0.4334794878959656, 0.05726374313235283]","[0.25437355041503906, 0.4489823579788208, -0.2192724496126175]","[0.29784899950027466, 0.5180885791778564, 0.09333453327417374]","[0.26777440309524536, 0.5367429256439209, -0.24173963069915771]","[0.3083955645561218, 0.5824790596961975, 0.027561277151107788]","[0.30186817049980164, 0.5576105713844299, -0.20248541235923767]","[0.31379926204681396, 0.6028257608413696, 0.014190915040671825]","[0.31069618463516235, 0.569065511226654, -0.2264827936887741]","[0.3159221410751343, 0.5973247289657593, -0.0039437864907085896]","[0.3124864101409912, 0.5581074357032776, -0.2299639880657196]","[0.31374219059944153, 0.5902535915374756, 0.015549466013908386]","[0.30806154012680054, 0.5542668104171753, -0.20259642601013184]","[0.29428550601005554, 0.6067529916763306, 0.09571656584739685]","[0.2824244201183319, 0.6128235459327698, -0.09571326524019241]","[0.2894451916217804, 0.7131797671318054, 0.22407925128936768]","[0.2875327467918396, 0.7278597354888916, -0.00689957058057189]","[0.2771766483783722, 0.810752809047699, 0.37007978558540344]","[0.27144497632980347, 0.8283397555351257, 0.12142349779605865]","[0.2662409543991089, 0.8279457092285156, 0.3808574378490448]","[0.2553173899650574, 0.8541967868804932, 0.13017775118350983]","[0.3141463100910187, 0.8363016843795776, 0.3290553390979767]","[0.30723291635513306, 0.8550281524658203, 0.04367026314139366]"
"[0.29841357469558716, 0.37078726291656494, -0.15139266848564148]","[0.2946966886520386, 0.36007755994796753, -0.1358083188533783]","[0.2944110035896301, 0.35969245433807373, -0.13585230708122253]","[0.2941897511482239, 0.3592465817928314, -0.13584911823272705]","[0.2924424111843109, 0.3607679307460785, -0.16501910984516144]","[0.2905920147895813, 0.3610316812992096, -0.16503846645355225]","[0.28877103328704834, 0.36127081513404846, -0.1650962233543396]","[0.28225934505462646, 0.36520281434059143, -0.052055906504392624]","[0.2761845886707306, 0.36851227283477783, -0.18466585874557495]","[0.29656273126602173, 0.3826812207698822, -0.11779671907424927]","[0.29335564374923706, 0.3834261894226074, -0.15599508583545685]","[0.28657299280166626, 0.4368833303451538, 0.051214564591646194]","[0.25440090894699097, 0.44843319058418274, -0.24151118099689484]","[0.29367268085479736, 0.5208415389060974, 0.09446662664413452]","[0.26894456148147583, 0.5371214747428894, -0.2748641073703766]","[0.3086652457714081, 0.5702916979789734, 0.04321800917387009]","[0.3082618713378906, 0.5687377452850342, -0.2433699369430542]","[0.3139624297618866, 0.5876298546791077, 0.03558247908949852]","[0.31627872586250305, 0.5802469849586487, -0.26972177624702454]","[0.31579288840293884, 0.5813882946968079, 0.01697547361254692]","[0.32121771574020386, 0.5761539936065674, -0.26964646577835083]","[0.31329238414764404, 0.5758355259895325, 0.03169073909521103]","[0.31701093912124634, 0.5721811056137085, -0.24236874282360077]","[0.2939123213291168, 0.6059951186180115, 0.0958169549703598]","[0.28224295377731323, 0.6107215285301208, -0.09583354741334915]","[0.2895791530609131, 0.7127020359039307, 0.22897443175315857]","[0.28677815198898315, 0.7306222319602966, -0.010041763074696064]","[0.27722373604774475, 0.8067303895950317, 0.3723694086074829]","[0.27136579155921936, 0.8311296105384827, 0.1171795129776001]","[0.2667326033115387, 0.8267166018486023, 0.383145809173584]","[0.25487616658210754, 0.8577114343643188, 0.1259092092514038]","[0.3157343566417694, 0.8337080478668213, 0.3379802405834198]","[0.3103928864002228, 0.85689377784729, 0.042731646448373795]"
"[0.2983202636241913, 0.3709181547164917, -0.15845337510108948]","[0.2944284975528717, 0.3602057695388794, -0.14287696778774261]","[0.29417985677719116, 0.35983091592788696, -0.14292290806770325]","[0.2939821779727936, 0.35940733551979065, -0.14292672276496887]","[0.29201993346214294, 0.36091938614845276, -0.1717323362827301]","[0.2900874614715576, 0.3611840605735779, -0.17176435887813568]","[0.28804877400398254, 0.36142101883888245, -0.17180337011814117]","[0.2820916473865509, 0.36530739068984985, -0.05754175782203674]","[0.2760397493839264, 0.36858099699020386, -0.18830586969852448]","[0.29654306173324585, 0.38296443223953247, -0.12400136888027191]","[0.2933521568775177, 0.3841537535190582, -0.16166500747203827]","[0.28445398807525635, 0.4362342953681946, 0.047548603266477585]","[0.25493285059928894, 0.4485507011413574, -0.24195358157157898]","[0.2932170629501343, 0.5223621726036072, 0.08657176792621613]","[0.27442416548728943, 0.53792405128479, -0.26174476742744446]","[0.31219935417175293, 0.5710238218307495, 0.0152724739164114]","[0.3098507821559906, 0.5483753681182861, -0.21528121829032898]","[0.3181396722793579, 0.5870510339736938, 0.00322510302066803]","[0.31815439462661743, 0.554584264755249, -0.24069344997406006]","[0.31904691457748413, 0.5797677636146545, -0.016934137791395187]","[0.3184846043586731, 0.5415015816688538, -0.2421969622373581]","[0.3161478638648987, 0.5745533108711243, 0.0023317583836615086]","[0.3139803409576416, 0.539822518825531, -0.21491119265556335]","[0.2936963438987732, 0.6061484217643738, 0.09736786782741547]","[0.2824931740760803, 0.6108269095420837, -0.09741224348545074]","[0.28932997584342957, 0.7150717973709106, 0.2396101951599121]","[0.2865922749042511, 0.7317646741867065, -0.004443672951310873]","[0.277325302362442, 0.8060491681098938, 0.38779520988464355]","[0.2714824974536896, 0.83046555519104, 0.13278082013130188]","[0.26705804467201233, 0.8252951502799988, 0.3990110754966736]","[0.2563260495662689, 0.8558887839317322, 0.14284178614616394]","[0.3151997923851013, 0.8319733142852783, 0.3557557761669159]","[0.31050118803977966, 0.8558033108711243, 0.062443774193525314]"
"[0.2982730269432068, 0.3706113398075104, -0.16855742037296295]","[0.294394314289093, 0.3596777617931366, -0.15280520915985107]","[0.2941198945045471, 0.35934755206108093, -0.15283966064453125]","[0.29391026496887207, 0.3589991331100464, -0.1528358906507492]","[0.2918180525302887, 0.3605904281139374, -0.17997220158576965]","[0.2897386848926544, 0.3609864413738251, -0.17999759316444397]","[0.28742119669914246, 0.36136123538017273, -0.18002647161483765]","[0.28203850984573364, 0.36523693799972534, -0.06370752304792404]","[0.2759355902671814, 0.3684782087802887, -0.18729430437088013]","[0.2967070937156677, 0.38301748037338257, -0.13303053379058838]","[0.293397456407547, 0.38422098755836487, -0.168709859251976]","[0.2864081561565399, 0.4369291067123413, 0.04280892759561539]","[0.2553609609603882, 0.4477244019508362, -0.233049675822258]","[0.29453304409980774, 0.5164173245429993, 0.10674390941858292]","[0.27755534648895264, 0.5223444700241089, -0.24752593040466309]","[0.3150387108325958, 0.551462709903717, 0.04072064533829689]","[0.3098830282688141, 0.5019106268882751, -0.19882771372795105]","[0.32154902815818787, 0.5647134184837341, 0.0394730418920517]","[0.3190164268016815, 0.5023872256278992, -0.22106948494911194]","[0.32201823592185974, 0.5580366849899292, 0.019485346972942352]","[0.3166237473487854, 0.48748472332954407, -0.22586996853351593]","[0.3187413215637207, 0.5539456009864807, 0.03158832713961601]","[0.31180667877197266, 0.48792698979377747, -0.1992727518081665]","[0.29344481229782104, 0.6043983101844788, 0.09401611238718033]","[0.2790900468826294, 0.6126585602760315, -0.0940324142575264]","[0.28961828351020813, 0.7105535864830017, 0.24296990036964417]","[0.2863144278526306, 0.7305701971054077, -0.010301601141691208]","[0.2774636745452881, 0.8049169182777405, 0.3986896574497223]","[0.27132174372673035, 0.8324130773544312, 0.11605902761220932]","[0.26741257309913635, 0.8223522305488586, 0.41058483719825745]","[0.2568517327308655, 0.8550399541854858, 0.12631726264953613]","[0.3146244287490845, 0.8300254940986633, 0.36400681734085083]","[0.3101511299610138, 0.8560677766799927, 0.056405939161777496]"
"[0.2982528805732727, 0.3706376254558563, -0.14728888869285583]","[0.2943662703037262, 0.35952460765838623, -0.13037092983722687]","[0.29414674639701843, 0.3592285215854645, -0.1304103136062622]","[0.29403096437454224, 0.35892900824546814, -0.130401149392128]","[0.2917131781578064, 0.3604430556297302, -0.1572946012020111]","[0.2894715964794159, 0.3608613610267639, -0.15731649100780487]","[0.28690382838249207, 0.36126789450645447, -0.15734122693538666]","[0.2820308208465576, 0.36514046788215637, -0.04072560369968414]","[0.2757068872451782, 0.36809876561164856, -0.16329479217529297]","[0.296764999628067, 0.38306742906570435, -0.11186681687831879]","[0.2933728098869324, 0.3842443525791168, -0.14722567796707153]","[0.2851178050041199, 0.4350157380104065, 0.05543828010559082]","[0.25545915961265564, 0.4462890326976776, -0.2143835574388504]","[0.2992916703224182, 0.5241543650627136, 0.09871409833431244]","[0.27762043476104736, 0.5045744180679321, -0.26111096143722534]","[0.3145941197872162, 0.5711609125137329, 0.029444899410009384]","[0.3082110285758972, 0.45898187160491943, -0.23194117844104767]","[0.3204081654548645, 0.5891262888908386, 0.018925247713923454]","[0.31748467683792114, 0.4514891803264618, -0.2564510405063629]","[0.3201277554035187, 0.5824688673019409, -0.0006310559110715985]","[0.31443169713020325, 0.4391695559024811, -0.25605708360671997]","[0.31699883937835693, 0.5757592916488647, 0.017580248415470123]","[0.3099566698074341, 0.44316771626472473, -0.23100753128528595]","[0.2931806147098541, 0.6059039235115051, 0.093324676156044]","[0.27824175357818604, 0.6127035021781921, -0.09332169592380524]","[0.28974899649620056, 0.7133803963661194, 0.20884139835834503]","[0.28629204630851746, 0.7298575043678284, -0.012795311398804188]","[0.2773880660533905, 0.805027425289154, 0.3376990556716919]","[0.27146878838539124, 0.8316970467567444, 0.1103823333978653]","[0.2672995328903198, 0.8239109516143799, 0.34666696190834045]","[0.2571333944797516, 0.8536822199821472, 0.11777851730585098]","[0.3149372637271881, 0.8312187194824219, 0.296588659286499]","[0.31059229373931885, 0.8551780581474304, 0.04649364575743675]"
"[0.29821348190307617, 0.37072882056236267, -0.12701772153377533]","[0.294038325548172, 0.3595871925354004, -0.1105746477842331]","[0.2939266562461853, 0.359293669462204, -0.11062262952327728]","[0.2939022183418274, 0.35900023579597473, -0.11061345040798187]","[0.2910364270210266, 0.36050811409950256, -0.13708892464637756]","[0.2886151075363159, 0.3609292805194855, -0.13711369037628174]","[0.285927951335907, 0.36133745312690735, -0.1371496319770813]","[0.28201091289520264, 0.3651675283908844, -0.024262789636850357]","[0.2748379707336426, 0.3680504858493805, -0.14489415287971497]","[0.29675406217575073, 0.38382071256637573, -0.09303121268749237]","[0.2932838797569275, 0.3849850296974182, -0.127762109041214]","[0.2843705117702484, 0.4341825246810913, 0.06907962262630463]","[0.25563305616378784, 0.4453294575214386, -0.19787529110908508]","[0.29848819971084595, 0.5223339200019836, 0.10070709139108658]","[0.2755044102668762, 0.5138480067253113, -0.21859963238239288]","[0.3127712905406952, 0.5684893131256104, 0.024414680898189545]","[0.3060515820980072, 0.49752670526504517, -0.17089217901229858]","[0.3185012638568878, 0.5868329405784607, 0.009663029573857784]","[0.3148704767227173, 0.49959173798561096, -0.19253797829151154]","[0.3194924592971802, 0.5798019170761108, -0.00941549614071846]","[0.3132096529006958, 0.4862977862358093, -0.19628527760505676]","[0.3166623115539551, 0.573117196559906, 0.011880605481564999]","[0.30935007333755493, 0.4864296317100525, -0.17111709713935852]","[0.29304271936416626, 0.6057920455932617, 0.09232381731271744]","[0.2779567837715149, 0.6121317148208618, -0.09229891002178192]","[0.2901851534843445, 0.7122321724891663, 0.20037908852100372]","[0.28627991676330566, 0.7287838459014893, -0.013043127954006195]","[0.27770915627479553, 0.8051461577415466, 0.3227185904979706]","[0.2714398503303528, 0.8307107090950012, 0.10211803019046783]","[0.26747769117355347, 0.8226378560066223, 0.33102279901504517]","[0.256905198097229, 0.8526390194892883, 0.10872938483953476]","[0.31541019678115845, 0.8305142521858215, 0.28331804275512695]","[0.31038373708724976, 0.8541213274002075, 0.04133296385407448]"
"[0.29844924807548523, 0.3704474866390228, -0.11660385131835938]","[0.29402559995651245, 0.35930153727531433, -0.10219866037368774]","[0.29389840364456177, 0.3590400516986847, -0.10224755853414536]","[0.2938653230667114, 0.3587910234928131, -0.10224588960409164]","[0.2910380959510803, 0.3602166175842285, -0.12962710857391357]","[0.28861701488494873, 0.3606586158275604, -0.12964794039726257]","[0.2859334647655487, 0.36108821630477905, -0.12967464327812195]","[0.2819966673851013, 0.3650423586368561, -0.022253917530179024]","[0.2748470604419708, 0.3677234351634979, -0.14694586396217346]","[0.2971493601799011, 0.3835785686969757, -0.08452510088682175]","[0.2936447560787201, 0.38482099771499634, -0.12041455507278442]","[0.28397703170776367, 0.4329417943954468, 0.06902205944061279]","[0.25600823760032654, 0.4435208737850189, -0.19744634628295898]","[0.2972980737686157, 0.5159016251564026, 0.11969391256570816]","[0.27472054958343506, 0.5069090723991394, -0.22773520648479462]","[0.31195762753486633, 0.5639922618865967, 0.052279435098171234]","[0.30500346422195435, 0.4709010422229767, -0.18324771523475647]","[0.3175361454486847, 0.5800800919532776, 0.03221772983670235]","[0.3139060139656067, 0.46615007519721985, -0.20477907359600067]","[0.3183378577232361, 0.5643147230148315, 0.01191410981118679]","[0.31311944127082825, 0.4531082808971405, -0.20521552860736847]","[0.3155168294906616, 0.5581843852996826, 0.038914166390895844]","[0.308571457862854, 0.45561686158180237, -0.18217188119888306]","[0.29312121868133545, 0.604441225528717, 0.09149295091629028]","[0.28065216541290283, 0.6104621291160583, -0.09145773202180862]","[0.2905113101005554, 0.7114524841308594, 0.20074327290058136]","[0.28636640310287476, 0.7279825210571289, -0.005930839106440544]","[0.27769914269447327, 0.8034261465072632, 0.3252086639404297]","[0.2715892493724823, 0.8295891880989075, 0.11625059694051743]","[0.26748472452163696, 0.8221589922904968, 0.33383938670158386]","[0.25757116079330444, 0.8511375784873962, 0.12490576505661011]","[0.3158515691757202, 0.8306523561477661, 0.28640031814575195]","[0.31028881669044495, 0.852746844291687, 0.04897516220808029]"
"[0.29860252141952515, 0.3696620762348175, -0.13602487742900848]","[0.2940417528152466, 0.3587082028388977, -0.12055374681949615]","[0.29391956329345703, 0.3584655821323395, -0.1205974593758583]","[0.29388493299484253, 0.3582320809364319, -0.12059435993432999]","[0.2910411059856415, 0.35964441299438477, -0.14807754755020142]","[0.288616806268692, 0.36012908816337585, -0.148099884390831]","[0.2859358787536621, 0.360601007938385, -0.14812543988227844]","[0.28220537304878235, 0.3646904230117798, -0.03528926521539688]","[0.27482688426971436, 0.3675518035888672, -0.16046905517578125]","[0.2976003587245941, 0.38277918100357056, -0.10193778574466705]","[0.2939474582672119, 0.3841768503189087, -0.13796603679656982]","[0.2838522493839264, 0.43220090866088867, 0.06362923234701157]","[0.2562517821788788, 0.4433165490627289, -0.21173182129859924]","[0.2963554263114929, 0.5183912515640259, 0.11143557727336884]","[0.27631875872612, 0.5126703977584839, -0.23249495029449463]","[0.31361329555511475, 0.5592047572135925, 0.04231259971857071]","[0.3070792555809021, 0.49353450536727905, -0.18337911367416382]","[0.3198346495628357, 0.5742881894111633, 0.027595454826951027]","[0.3160589337348938, 0.49385592341423035, -0.20604746043682098]","[0.3203286826610565, 0.5638402700424194, 0.006902722176164389]","[0.31333667039871216, 0.47971776127815247, -0.2086794674396515]","[0.3171749413013458, 0.5582062602043152, 0.028782814741134644]","[0.3084182143211365, 0.48035845160484314, -0.18332360684871674]","[0.29303959012031555, 0.6035622358322144, 0.09190137684345245]","[0.2802044749259949, 0.6117140650749207, -0.09188291430473328]","[0.2905598282814026, 0.7104554772377014, 0.2046438455581665]","[0.2863606810569763, 0.7278442978858948, 0.0022607746068388224]","[0.27764245867729187, 0.8035749197006226, 0.33635079860687256]","[0.2715364396572113, 0.8287656307220459, 0.14090076088905334]","[0.26742321252822876, 0.8217589855194092, 0.34566447138786316]","[0.25749850273132324, 0.8511716723442078, 0.1512679159641266]","[0.315489262342453, 0.8304002285003662, 0.2984265685081482]","[0.30971142649650574, 0.8512359261512756, 0.07283765822649002]"
"[0.2985873520374298, 0.36953479051589966, -0.14223873615264893]","[0.29400479793548584, 0.3585326373577118, -0.1267671287059784]","[0.29388684034347534, 0.35827165842056274, -0.12680895626544952]","[0.293859601020813, 0.35802122950553894, -0.12680713832378387]","[0.29098981618881226, 0.3595413565635681, -0.15430884063243866]","[0.2885492742061615, 0.3600604236125946, -0.154328852891922]","[0.2859020233154297, 0.3605629503726959, -0.1543501615524292]","[0.2822660505771637, 0.36454668641090393, -0.04120772331953049]","[0.2747563123703003, 0.3675514757633209, -0.1663082242012024]","[0.29759344458580017, 0.38260796666145325, -0.10793702304363251]","[0.2939395606517792, 0.3840485215187073, -0.14394745230674744]","[0.28356900811195374, 0.43176284432411194, 0.06035599857568741]","[0.2563711702823639, 0.4434783160686493, -0.2174273282289505]","[0.2963073253631592, 0.5160430073738098, 0.11515279859304428]","[0.2770998775959015, 0.5152638554573059, -0.23540052771568298]","[0.3143532872200012, 0.5561536550521851, 0.05505942553281784]","[0.3075062036514282, 0.5013824701309204, -0.18245384097099304]","[0.321036696434021, 0.5711161494255066, 0.04232963174581528]","[0.3160649836063385, 0.5029610395431519, -0.2040807455778122]","[0.32149195671081543, 0.5634428858757019, 0.021108457818627357]","[0.31308117508888245, 0.4893205463886261, -0.20691797137260437]","[0.3183330297470093, 0.5580442547798157, 0.04169095307588577]","[0.3081977963447571, 0.48948824405670166, -0.1823137402534485]","[0.29281631112098694, 0.6030884981155396, 0.09210044890642166]","[0.2799485921859741, 0.6123524904251099, -0.09209593385457993]","[0.2905990779399872, 0.7095550298690796, 0.2049006223678589]","[0.28628483414649963, 0.7279590964317322, 0.007253861986100674]","[0.27759766578674316, 0.803120493888855, 0.34052056074142456]","[0.271455317735672, 0.8282269835472107, 0.1474941521883011]","[0.26739200949668884, 0.8211548924446106, 0.3499909043312073]","[0.25734180212020874, 0.8510181307792664, 0.15815241634845734]","[0.3152619004249573, 0.8303031921386719, 0.3030543923377991]","[0.3094630837440491, 0.8506423234939575, 0.08213628828525543]"
"[0.2985776662826538, 0.3694898188114166, -0.14388851821422577]","[0.2938690185546875, 0.35850948095321655, -0.12810727953910828]","[0.29372984170913696, 0.35824722051620483, -0.1281498819589615]","[0.29368045926094055, 0.35799872875213623, -0.12815433740615845]","[0.2909124493598938, 0.35954904556274414, -0.15555806457996368]","[0.28849107027053833, 0.3600820302963257, -0.1555771827697754]","[0.28588443994522095, 0.360596239566803, -0.15560251474380493]","[0.28225260972976685, 0.3645547330379486, -0.04213782772421837]","[0.27476125955581665, 0.36756935715675354, -0.16641277074813843]","[0.2975885272026062, 0.3823542296886444, -0.10950438678264618]","[0.2939336895942688, 0.3838805556297302, -0.14529921114444733]","[0.28339558839797974, 0.43151363730430603, 0.061293333768844604]","[0.2567121088504791, 0.44353869557380676, -0.21789756417274475]","[0.2943291962146759, 0.5150381326675415, 0.12798276543617249]","[0.2771416902542114, 0.5148141980171204, -0.23834100365638733]","[0.3138431906700134, 0.5418369174003601, 0.08779221773147583]","[0.3070250451564789, 0.4994124174118042, -0.18719534575939178]","[0.3205602765083313, 0.5533104538917542, 0.08047442138195038]","[0.31545716524124146, 0.5005823373794556, -0.20814356207847595]","[0.3210694193840027, 0.5436767339706421, 0.06086091324687004]","[0.3127242922782898, 0.4869682490825653, -0.21132835745811462]","[0.31803378462791443, 0.5397783517837524, 0.07574479281902313]","[0.3079264461994171, 0.48730239272117615, -0.18704167008399963]","[0.29245609045028687, 0.6028634905815125, 0.0918235033750534]","[0.2796710729598999, 0.6122323274612427, -0.09182211011648178]","[0.2904610335826874, 0.7090189456939697, 0.20671658217906952]","[0.2862067222595215, 0.7279884219169617, 0.001554802292957902]","[0.27743712067604065, 0.8024993538856506, 0.3397403359413147]","[0.27127471566200256, 0.8279657363891602, 0.13121260702610016]","[0.2666977643966675, 0.8205199837684631, 0.3489111363887787]","[0.2572091519832611, 0.8508008718490601, 0.14063307642936707]","[0.31516769528388977, 0.8296026587486267, 0.30385705828666687]","[0.3093474805355072, 0.8503804802894592, 0.06162159517407417]"
"[0.29872962832450867, 0.36935970187187195, -0.14383825659751892]","[0.2938687205314636, 0.35846981406211853, -0.12815429270267487]","[0.2937158942222595, 0.35820406675338745, -0.12819409370422363]","[0.2936720848083496, 0.35795512795448303, -0.1282050907611847]","[0.29101333022117615, 0.35953181982040405, -0.15596315264701843]","[0.28866833448410034, 0.3600712716579437, -0.1559819132089615]","[0.28616732358932495, 0.360594779253006, -0.15600831806659698]","[0.28224024176597595, 0.36456015706062317, -0.04380520060658455]","[0.2753709554672241, 0.36755406856536865, -0.16929563879966736]","[0.29773882031440735, 0.3820000886917114, -0.11005689203739166]","[0.2942449450492859, 0.38358405232429504, -0.14621451497077942]","[0.2832368016242981, 0.4314616024494171, 0.05954071134328842]","[0.2574877142906189, 0.44385677576065063, -0.2203807383775711]","[0.29246392846107483, 0.5088187456130981, 0.13813844323158264]","[0.2766508162021637, 0.5149291157722473, -0.24071833491325378]","[0.31394514441490173, 0.5243122577667236, 0.12144448608160019]","[0.3067830502986908, 0.5048562288284302, -0.19075094163417816]","[0.32082173228263855, 0.5328538417816162, 0.11805138736963272]","[0.31533533334732056, 0.5074822306632996, -0.2116909921169281]","[0.3215297758579254, 0.5234917402267456, 0.09889154136180878]","[0.3130097985267639, 0.49461814761161804, -0.2144368588924408]","[0.31864631175994873, 0.5209891200065613, 0.1102379709482193]","[0.3081262707710266, 0.4943619668483734, -0.19041693210601807]","[0.2924221456050873, 0.6030150055885315, 0.09053917229175568]","[0.2805466949939728, 0.6116425395011902, -0.090544193983078]","[0.290439248085022, 0.7086460590362549, 0.2077288180589676]","[0.28600162267684937, 0.7278449535369873, 0.0009125403012149036]","[0.2772753834724426, 0.8023536205291748, 0.34071797132492065]","[0.2709336578845978, 0.828133225440979, 0.1266663372516632]","[0.26606976985931396, 0.8201512098312378, 0.3500102162361145]","[0.2569526135921478, 0.8511579036712646, 0.13579581677913666]","[0.31500378251075745, 0.8291963338851929, 0.3052366375923157]","[0.3092551827430725, 0.8502532243728638, 0.05813584476709366]"
"[0.29924383759498596, 0.36939123272895813, -0.1300593763589859]","[0.29412394762039185, 0.3586309552192688, -0.11541010439395905]","[0.29390808939933777, 0.3583703935146332, -0.11545000970363617]","[0.2937978506088257, 0.35813042521476746, -0.11544571816921234]","[0.29134100675582886, 0.3596838116645813, -0.1442471295595169]","[0.28903597593307495, 0.36020442843437195, -0.14426130056381226]","[0.28658339381217957, 0.3607124984264374, -0.1442991942167282]","[0.2822522521018982, 0.36487382650375366, -0.035575591027736664]","[0.27591472864151, 0.367655485868454, -0.16586507856845856]","[0.2983250021934509, 0.3820226788520813, -0.09770824015140533]","[0.2947736978530884, 0.38359534740448, -0.1353122889995575]","[0.28374165296554565, 0.43386057019233704, 0.06031336635351181]","[0.25744709372520447, 0.4441523551940918, -0.21634328365325928]","[0.2918131947517395, 0.5211125016212463, 0.11378756910562515]","[0.2682703733444214, 0.531600296497345, -0.23735789954662323]","[0.3112346827983856, 0.5644182562828064, 0.0496269091963768]","[0.30286070704460144, 0.5602419972419739, -0.19508162140846252]","[0.31766951084136963, 0.5807065963745117, 0.03746922314167023]","[0.31171363592147827, 0.5732349753379822, -0.21678867936134338]","[0.31860530376434326, 0.5741750001907349, 0.019225705415010452]","[0.3124389052391052, 0.5631617307662964, -0.21939417719841003]","[0.31528201699256897, 0.5687315464019775, 0.037539586424827576]","[0.30761510133743286, 0.558583676815033, -0.1946307271718979]","[0.29116225242614746, 0.6033324003219604, 0.08964155614376068]","[0.27797645330429077, 0.6118155121803284, -0.08964431285858154]","[0.2895963788032532, 0.7105789184570312, 0.19754621386528015]","[0.28589311242103577, 0.7277911901473999, -0.002311922376975417]","[0.2765703797340393, 0.8038983941078186, 0.3186788856983185]","[0.27090519666671753, 0.8290354013442993, 0.11954881250858307]","[0.2646748125553131, 0.8234859108924866, 0.3272213041782379]","[0.25670498609542847, 0.8545913100242615, 0.1275898516178131]","[0.31440410017967224, 0.8301551938056946, 0.2815595865249634]","[0.30972394347190857, 0.8506166338920593, 0.04698321968317032]"
"[0.2992270588874817, 0.36958223581314087, -0.13120773434638977]","[0.2941160798072815, 0.3586576581001282, -0.11482511460781097]","[0.29398101568222046, 0.3584021329879761, -0.11485715955495834]","[0.2939814627170563, 0.3581646680831909, -0.11484432220458984]","[0.2912886440753937, 0.35969290137290955, -0.14233918488025665]","[0.28898975253105164, 0.3602146506309509, -0.14234581589698792]","[0.2865055799484253, 0.36072778701782227, -0.1423681229352951]","[0.2826562821865082, 0.364894837141037, -0.026769936084747314]","[0.2756585478782654, 0.36766761541366577, -0.15174543857574463]","[0.29830580949783325, 0.3822806775569916, -0.0963100790977478]","[0.2946455180644989, 0.3836905062198639, -0.1323375254869461]","[0.28854215145111084, 0.4405810236930847, 0.07183907926082611]","[0.25650426745414734, 0.44421589374542236, -0.19403302669525146]","[0.292137086391449, 0.5231983065605164, 0.11804835498332977]","[0.2591494917869568, 0.5331102013587952, -0.2054913341999054]","[0.3100825548171997, 0.5669379830360413, 0.04974870756268501]","[0.2951098084449768, 0.5605205297470093, -0.16717465221881866]","[0.3156978487968445, 0.5833556652069092, 0.036422085016965866]","[0.3044177293777466, 0.573179304599762, -0.18773946166038513]","[0.31628647446632385, 0.5767017006874084, 0.01680663973093033]","[0.3071640431880951, 0.5625198483467102, -0.19091328978538513]","[0.31307411193847656, 0.5711818337440491, 0.037280209362506866]","[0.3023843765258789, 0.5581796765327454, -0.16658492386341095]","[0.292025625705719, 0.6045523285865784, 0.08774299919605255]","[0.2761707901954651, 0.6118633151054382, -0.08773891627788544]","[0.2885955274105072, 0.7127362489700317, 0.18710967898368835]","[0.2857607901096344, 0.7280126214027405, -0.015257621183991432]","[0.2761693596839905, 0.8071199655532837, 0.30269497632980347]","[0.2708820700645447, 0.8302703499794006, 0.09871219843626022]","[0.2643239498138428, 0.8248518109321594, 0.3104640245437622]","[0.2565752863883972, 0.8561446070671082, 0.10623802244663239]","[0.3142094314098358, 0.8310202956199646, 0.26185184717178345]","[0.31011927127838135, 0.8531548380851746, 0.02357829548418522]"
"[0.29932138323783875, 0.3704284429550171, -0.13514290750026703]","[0.29429498314857483, 0.3592708706855774, -0.12099021673202515]","[0.29421648383140564, 0.3590025007724762, -0.1210285872220993]","[0.2944026589393616, 0.35875242948532104, -0.121024489402771]","[0.2913193106651306, 0.360289990901947, -0.14903350174427032]","[0.2889825105667114, 0.3607805073261261, -0.1490514725446701]","[0.286509245634079, 0.3612653911113739, -0.14908474683761597]","[0.28309887647628784, 0.36533984541893005, -0.03434420004487038]","[0.2756507992744446, 0.36815622448921204, -0.15676036477088928]","[0.2984621226787567, 0.38326898217201233, -0.10261692106723785]","[0.2946474850177765, 0.38454264402389526, -0.13905450701713562]","[0.29096680879592896, 0.4446278214454651, 0.06542010605335236]","[0.2564980685710907, 0.4444257616996765, -0.19854992628097534]","[0.29211971163749695, 0.5318908095359802, 0.10975493490695953]","[0.2584519684314728, 0.5368150472640991, -0.2115904539823532]","[0.308962881565094, 0.5850144028663635, 0.03462601453065872]","[0.29352375864982605, 0.5654865503311157, -0.17423002421855927]","[0.31432029604911804, 0.6035518050193787, 0.020389964804053307]","[0.3026781380176544, 0.5782565474510193, -0.19540147483348846]","[0.31495288014411926, 0.5986092686653137, 0.0006643057567998767]","[0.30540579557418823, 0.5678651928901672, -0.1987219750881195]","[0.311450719833374, 0.592069685459137, 0.021976256743073463]","[0.30071771144866943, 0.5635575652122498, -0.17391647398471832]","[0.2927978038787842, 0.6063057780265808, 0.08648879826068878]","[0.27471640706062317, 0.6124401688575745, -0.08651058375835419]","[0.2879881262779236, 0.7132387161254883, 0.19098712503910065]","[0.28568267822265625, 0.727918267250061, -0.008513635955750942]","[0.2760005593299866, 0.8093774318695068, 0.31460005044937134]","[0.27081459760665894, 0.8308111429214478, 0.12343437969684601]","[0.26429980993270874, 0.8256374001502991, 0.3233014941215515]","[0.25653350353240967, 0.855969250202179, 0.13310053944587708]","[0.3140527606010437, 0.833544909954071, 0.2740737795829773]","[0.31003621220588684, 0.8543173670768738, 0.049722619354724884]"
"[0.29950666427612305, 0.3707287609577179, -0.1398307979106903]","[0.29455286264419556, 0.35945290327072144, -0.12344348430633545]","[0.2946745753288269, 0.35917574167251587, -0.12345616519451141]","[0.2949201464653015, 0.3589025139808655, -0.12342140823602676]","[0.2913772165775299, 0.36047324538230896, -0.14962005615234375]","[0.28901392221450806, 0.3609565794467926, -0.14966173470020294]","[0.28650712966918945, 0.3614327311515808, -0.14972512423992157]","[0.2834383249282837, 0.3653745651245117, -0.038003839552402496]","[0.27560630440711975, 0.3683439791202545, -0.15911176800727844]","[0.29889488220214844, 0.38371118903160095, -0.10342000424861908]","[0.2947198748588562, 0.3849281370639801, -0.1416272222995758]","[0.2939264178276062, 0.44554856419563293, 0.06212154030799866]","[0.256135493516922, 0.44452089071273804, -0.19022773206233978]","[0.2935548424720764, 0.5291677713394165, 0.10666991770267487]","[0.2529416084289551, 0.5368210673332214, -0.18220606446266174]","[0.30851060152053833, 0.5787013173103333, 0.022601895034313202]","[0.28583601117134094, 0.5674495100975037, -0.13261526823043823]","[0.3132031559944153, 0.5961678624153137, 0.005320433992892504]","[0.29472845792770386, 0.5807216763496399, -0.14975449442863464]","[0.3133212924003601, 0.5906817317008972, -0.014139795675873756]","[0.29772359132766724, 0.5704410672187805, -0.15574660897254944]","[0.3100385367870331, 0.5845621228218079, 0.009840701706707478]","[0.2933666408061981, 0.5659291744232178, -0.13276198506355286]","[0.29351502656936646, 0.6062236428260803, 0.08286546170711517]","[0.27314049005508423, 0.6122313737869263, -0.08289750665426254]","[0.2880944013595581, 0.7127721905708313, 0.17968085408210754]","[0.2855041027069092, 0.7256752252578735, -0.004680044017732143]","[0.2757906913757324, 0.8099281191825867, 0.30148541927337646]","[0.2706179916858673, 0.8305842876434326, 0.13520796597003937]","[0.26415759325027466, 0.8258673548698425, 0.30988457798957825]","[0.25654342770576477, 0.8532612323760986, 0.1455041766166687]","[0.31396180391311646, 0.8335562944412231, 0.25620755553245544]","[0.3079017996788025, 0.8546259999275208, 0.06074432656168938]"
"[0.2997814416885376, 0.37113600969314575, -0.14696867763996124]","[0.29475870728492737, 0.3597228229045868, -0.1323084831237793]","[0.29480451345443726, 0.3594127893447876, -0.13231851160526276]","[0.29496628046035767, 0.3590979278087616, -0.1322914958000183]","[0.29162728786468506, 0.36078688502311707, -0.15883055329322815]","[0.2893049418926239, 0.3612798750400543, -0.15884855389595032]","[0.2867867648601532, 0.36174580454826355, -0.15888459980487823]","[0.28343942761421204, 0.36546066403388977, -0.0482829324901104]","[0.27567169070243835, 0.3687739074230194, -0.1703338325023651]","[0.2991446554660797, 0.38416311144828796, -0.11183615773916245]","[0.29496240615844727, 0.3854392170906067, -0.1484363079071045]","[0.2927040755748749, 0.4453451931476593, 0.04838890954852104]","[0.2561319172382355, 0.44482865929603577, -0.1971171796321869]","[0.2934834659099579, 0.5280434489250183, 0.097589410841465]","[0.2532878816127777, 0.5392815470695496, -0.2032594233751297]","[0.30767446756362915, 0.5751929879188538, 0.025632496923208237]","[0.28603386878967285, 0.5711085796356201, -0.15522126853466034]","[0.31193608045578003, 0.5920546054840088, 0.011253836564719677]","[0.2948623299598694, 0.5844849944114685, -0.17421658337116241]","[0.31199824810028076, 0.5857097506523132, -0.008330932818353176]","[0.2972603440284729, 0.5739727020263672, -0.1787550449371338]","[0.30901795625686646, 0.5799480676651001, 0.013338573276996613]","[0.2929554879665375, 0.5693543553352356, -0.1551048308610916]","[0.29331010580062866, 0.6069895625114441, 0.08185143768787384]","[0.2718096375465393, 0.6130035519599915, -0.08189495652914047]","[0.2880098819732666, 0.7125998735427856, 0.18692436814308167]","[0.2854275107383728, 0.7246667742729187, 0.009554505348205566]","[0.27550187706947327, 0.8101873993873596, 0.3086385130882263]","[0.2704281806945801, 0.8304850459098816, 0.16009490191936493]","[0.2639451324939728, 0.8260155320167542, 0.3157920241355896]","[0.2565193176269531, 0.8516219258308411, 0.1717158854007721]","[0.31388533115386963, 0.8335238099098206, 0.268920361995697]","[0.30791789293289185, 0.8537061810493469, 0.08997027575969696]"
"[0.2997933626174927, 0.37111106514930725, -0.1536208838224411]","[0.29474082589149475, 0.35967788100242615, -0.13871517777442932]","[0.2947756350040436, 0.3593589663505554, -0.13873262703418732]","[0.29488518834114075, 0.3588860332965851, -0.1387186348438263]","[0.291614294052124, 0.3607538044452667, -0.16574698686599731]","[0.2892466187477112, 0.3612476587295532, -0.16575488448143005]","[0.286782443523407, 0.36172544956207275, -0.165781632065773]","[0.28343337774276733, 0.3653636872768402, -0.05302981659770012]","[0.2755371034145355, 0.3687717318534851, -0.1765366941690445]","[0.29919543862342834, 0.3841613531112671, -0.11845680326223373]","[0.2949683666229248, 0.38543689250946045, -0.15454968810081482]","[0.291795015335083, 0.4441850781440735, 0.04555685073137283]","[0.25485295057296753, 0.44488227367401123, -0.20102548599243164]","[0.2935555875301361, 0.5265637040138245, 0.09888584911823273]","[0.25390714406967163, 0.5415447354316711, -0.21116551756858826]","[0.30771827697753906, 0.5724784135818481, 0.03378373011946678]","[0.28723910450935364, 0.5763436555862427, -0.1654895842075348]","[0.31217652559280396, 0.589192271232605, 0.021165499463677406]","[0.29609110951423645, 0.5907148122787476, -0.18507646024227142]","[0.3122914135456085, 0.5825936198234558, 0.0017161158611997962]","[0.2983502149581909, 0.580072820186615, -0.18965570628643036]","[0.30930179357528687, 0.5769751667976379, 0.021702956408262253]","[0.29404783248901367, 0.574964165687561, -0.1654565930366516]","[0.29169708490371704, 0.6071469187736511, 0.08165986090898514]","[0.269680380821228, 0.6134490370750427, -0.08170618116855621]","[0.2878881096839905, 0.7125828862190247, 0.18795540928840637]","[0.2853313088417053, 0.7241700887680054, 0.01010110229253769]","[0.27513694763183594, 0.8102348446846008, 0.31304535269737244]","[0.27037787437438965, 0.8301498293876648, 0.1588486135005951]","[0.26375049352645874, 0.8261755108833313, 0.32157599925994873]","[0.25652286410331726, 0.8505991101264954, 0.1701701134443283]","[0.31385594606399536, 0.8334291577339172, 0.2723592221736908]","[0.3079334497451782, 0.8526235818862915, 0.08982016146183014]"
"[0.29966112971305847, 0.3720722496509552, -0.1648065447807312]","[0.29454249143600464, 0.3601892292499542, -0.14771351218223572]","[0.29466694593429565, 0.3598751127719879, -0.14773863554000854]","[0.29486560821533203, 0.3594537079334259, -0.14773276448249817]","[0.2911226749420166, 0.36116689443588257, -0.17360350489616394]","[0.28847673535346985, 0.3615878224372864, -0.1736021339893341]","[0.28612321615219116, 0.3620363473892212, -0.17362669110298157]","[0.2835405468940735, 0.3655861020088196, -0.053926508873701096]","[0.27454060316085815, 0.36930370330810547, -0.1758171021938324]","[0.2991586923599243, 0.3854812979698181, -0.1268586665391922]","[0.2947351336479187, 0.3865762948989868, -0.16091644763946533]","[0.29148951172828674, 0.4442649781703949, 0.04728071764111519]","[0.25375089049339294, 0.44491562247276306, -0.20015139877796173]","[0.29543137550354004, 0.5255852937698364, 0.10412871837615967]","[0.25482550263404846, 0.542323112487793, -0.20602302253246307]","[0.3091876804828644, 0.5703825354576111, 0.036156050860881805]","[0.2885705232620239, 0.5767984390258789, -0.16653111577033997]","[0.31367459893226624, 0.5866659283638, 0.0228857584297657]","[0.2974189221858978, 0.5913288593292236, -0.18713077902793884]","[0.31377124786376953, 0.58005690574646, 0.003360927104949951]","[0.2992181181907654, 0.5805493593215942, -0.19692380726337433]","[0.31077125668525696, 0.574570894241333, 0.024063166230916977]","[0.2947891354560852, 0.5753443837165833, -0.16862046718597412]","[0.29088956117630005, 0.6069580912590027, 0.08084006607532501]","[0.2690459191799164, 0.6133152842521667, -0.08088456094264984]","[0.28774377703666687, 0.7124384045600891, 0.16697350144386292]","[0.28511494398117065, 0.7232014536857605, -0.0007058947230689228]","[0.27522575855255127, 0.8101683259010315, 0.28154420852661133]","[0.27029919624328613, 0.8296400308609009, 0.14142397046089172]","[0.26365917921066284, 0.8278789520263672, 0.2891320288181305]","[0.25660428404808044, 0.8491955995559692, 0.1518552005290985]","[0.3137650489807129, 0.8333443999290466, 0.23748371005058289]","[0.30790701508522034, 0.8516471982002258, 0.07201599329710007]"
"[0.299653559923172, 0.37256374955177307, -0.16286341845989227]","[0.2945280373096466, 0.3605634570121765, -0.14649876952171326]","[0.2946583926677704, 0.36023762822151184, -0.14652277529239655]","[0.29484930634498596, 0.3598359525203705, -0.14651599526405334]","[0.2911103069782257, 0.3614964187145233, -0.17286966741085052]","[0.28843817114830017, 0.36186471581459045, -0.17287057638168335]","[0.2861211895942688, 0.362282931804657, -0.17289145290851593]","[0.28359824419021606, 0.3656938672065735, -0.05487806349992752]","[0.2745099663734436, 0.36938193440437317, -0.17646408081054688]","[0.2991480231285095, 0.3859518766403198, -0.1260274350643158]","[0.29473185539245605, 0.3868979513645172, -0.16061672568321228]","[0.29116085171699524, 0.44447946548461914, 0.047402650117874146]","[0.25375163555145264, 0.4449499547481537, -0.2017023116350174]","[0.29538655281066895, 0.5261937975883484, 0.1036011204123497]","[0.2551220953464508, 0.5427114963531494, -0.21029913425445557]","[0.30922871828079224, 0.5699688196182251, 0.035150833427906036]","[0.28923630714416504, 0.5744605660438538, -0.17034757137298584]","[0.3137527108192444, 0.586111843585968, 0.0222154650837183]","[0.29756924510002136, 0.5881630778312683, -0.19077017903327942]","[0.3140403926372528, 0.5793167352676392, 0.0027907011099159718]","[0.2999473512172699, 0.5770282745361328, -0.19760477542877197]","[0.3110012114048004, 0.5738551020622253, 0.02308894321322441]","[0.2953120768070221, 0.5721191167831421, -0.17136119306087494]","[0.29002588987350464, 0.6075454354286194, 0.0812111645936966]","[0.26909977197647095, 0.6139671802520752, -0.08125673234462738]","[0.287778377532959, 0.71232670545578, 0.17464350163936615]","[0.2847265899181366, 0.7231809496879578, 0.0018306929850950837]","[0.27546289563179016, 0.8103177547454834, 0.2926177978515625]","[0.27005112171173096, 0.8295360207557678, 0.1450694501399994]","[0.2644645869731903, 0.8281265497207642, 0.3007976710796356]","[0.26152196526527405, 0.8504108786582947, 0.15583215653896332]","[0.31430914998054504, 0.833416759967804, 0.25046414136886597]","[0.30806964635849, 0.8514663577079773, 0.07754985243082047]"
"[0.29807043075561523, 0.3741656243801117, -0.1577410101890564]","[0.294366717338562, 0.36121293902397156, -0.14135003089904785]","[0.29464957118034363, 0.3609534502029419, -0.14136803150177002]","[0.29489293694496155, 0.3606666326522827, -0.14135244488716125]","[0.29066163301467896, 0.36185893416404724, -0.16521911323070526]","[0.2872623801231384, 0.3620838224887848, -0.165211021900177]","[0.2852908968925476, 0.3624458909034729, -0.1652337610721588]","[0.28454703092575073, 0.36595234274864197, -0.049247730523347855]","[0.27277880907058716, 0.3693839907646179, -0.16101613640785217]","[0.2983762323856354, 0.387707382440567, -0.12080259621143341]","[0.29241037368774414, 0.3880615234375, -0.15243279933929443]","[0.29119589924812317, 0.44468578696250916, 0.05064954236149788]","[0.25223398208618164, 0.444457471370697, -0.18654826283454895]","[0.29637521505355835, 0.5254853963851929, 0.11009244620800018]","[0.2504458725452423, 0.5416938662528992, -0.18814392387866974]","[0.3088773787021637, 0.56621253490448, 0.039460353553295135]","[0.2892407178878784, 0.5704762935638428, -0.15559899806976318]","[0.31262272596359253, 0.583303689956665, 0.02524733543395996]","[0.2982533574104309, 0.5840013027191162, -0.17405563592910767]","[0.3127821087837219, 0.5747013092041016, 0.0076581151224672794]","[0.30004820227622986, 0.5721816420555115, -0.17930741608142853]","[0.31011101603507996, 0.5687763690948486, 0.028568122535943985]","[0.2956550419330597, 0.5674868822097778, -0.15543551743030548]","[0.2887318730354309, 0.6077289581298828, 0.07844860106706619]","[0.2664153575897217, 0.6138571500778198, -0.07849962264299393]","[0.2876487970352173, 0.7122442126274109, 0.1559700220823288]","[0.2841767370700836, 0.7230576872825623, 0.0012233416782692075]","[0.2754882574081421, 0.8103787302970886, 0.26207810640335083]","[0.27005502581596375, 0.8314170241355896, 0.14419406652450562]","[0.26466190814971924, 0.8285582661628723, 0.26908788084983826]","[0.2614874541759491, 0.8506048917770386, 0.1552964299917221]","[0.31499090790748596, 0.8346906900405884, 0.2183235138654709]","[0.3082335591316223, 0.8511362075805664, 0.072860486805439]"
